SITE_ID,Visual Check,SITE_TYPE,FACILITY_SITE_NUMBER,SITE_NAME,REGION_NAME,STATE,COUNTY,CITY,SRP_LATITUDE,SRP_LONGITUDE,SRP_ELEVATION,SRPELEVATIONMETHOD,BOUNDARYARTCCID,BOUNDARYARTCCCOMPUTERID,BOUNDARYARTCCNAME,TIEINFSSID,TIEINFSSNAME,ATCT,MAGNETICVARIATION,MAGNETICVARIATIONYEAR,TRAFFICPATTERNALTITUDE,MILITARYJOINTUSE,BEACONSCHEDULE,UNICOMFREQUENCIES,CTAFFREQUENCY,SEGMENTEDCIRCLE,BEACONCOLOR,WINDINDICATOR,ICAOIDENTIFIER,ARFF_CERT_CLASS_CODE,CERT_139_TYPE,AIR_CARRIER_SCHEDULED_SERVICE,ARFF_CERT_MONTH,LANDING_FACILITY_SITE_NUMBER,RUNWAY_STATE_POST_OFFICE_CODE,RUNWAY_ID,PHYSICAL_RUNWAY_LENGTH,PHYSICAL_RUNWAY_WIDTH,RUNWAY_SURFACE_TYPE_CONDITION,RUNWAY_SURFACE_TREATMENT,PCN,RUNWAY_LIGHTS_EDGE_INTENSITY,BASE_END_IDENTIFIER,RUNWAY_END_TRUE_ALIGNMENT,ILS_TYPE,RIGHT_HAND_TRAFFIC_PATTERN,RUNWAY_MARKINGS_TYPE,RUNWAY_MARKINGS_CONDITION,LATITUDE_RUNWAY_END,LONGITUDE_RUNWAY_END,ELEVATION_RUNWAY_END,THRESHOLD_CROSSING_HEIGHT,VISUAL_GLIDE_PATH_ANGLE,LATITUDE_DISPLACED_THRESHOLD,LONGITUDE_DISPLACED_THRESHLD,ELEVATION_DISPLACED_THRESHOLD,DISPLACED_THRESHOLD,ELEVATION_AT_TOUCHDOWN_ZONE,VISUAL_GLIDE_SLOPE_INDICATORS,RUNWAY_VISUAL_RANGE_EQUIPMENT,RUNWAY_VISIBLE_VALUE_EQUIPMENT,APPROACH_LIGHT_SYSTEM,REIL_AVAILABILITY,RUNWAY_CENTERLINE_LIGHTS_AVAIL,RUNWAY_END_TOUCHDOWN_LIGHTS_AV,CONTROLLING_OBJECT_DESCRIPTION,CONTROLLING_OBJECT_MARKED,OBJECTS_AFFECTING_NAVIGABLE_AS,CONTROLLING_OBJECT_CLEARANCE_S,HEIGHT_ABOVE_RUNWAY,DISTANCE_FROM_RUNWAY_END,CENTERLINE_OFFSET,RECIPROCAL_END_IDENTIFIER,REC_RUNWAY_END_TRUE_ALIGNMENT,REC_ILS_TYPE,RH_TRAFFIC_PATTERN_LANDING_AIR,REC_RUNWAY_MARKINGS_TYPE,REC_RUNWAY_MARKINGS_CONDITION,REC_LATITUDE_PHY_RUNWAY_END,REC_LONGITDE_PHY_RUNWAY_END,REC_ELEVATION_PHY_RUNWAY_END,REC_THRESHOLD_CROSSING_HEIGHT,REC_VISUAL_GLIDE_PATH_ANGLE,REC_LATITUDE_DISP_THRESHOLD,REC_LONGITUDE_DISP_THRESHOLD,REC_ELEVATION_DISP_THRESHOLD,REC_DISPLACED_THRESHOLD,REC_ELEVATION_TOUCHDOWN_ZONE,APPROACH_SLOPE_INDICATOR_EQUIP,REC_RUNWAY_VISUAL_RANGE_EQUIP,REC_RUNWAY_VISIBILITY_VALUE_EQ,REC_APPROACH_LIGHT_SYSTEM,REC_REIL_AVAILABILITY,REC_RUNWAY_CENTERLINE_LIGHTS_A,REC_RUNWAY_END_TOUCHDOWN_LIGHT,END_CONTROLLING_OBJECT_DESCRIP,END_CONTROLLING_OBJECT_MARKED,END_OBJECTS_AFFECTING_NAV_AIR,END_CONTROL_OBJECT_CLEAR_SLOPE,END_CONTROL_OBJECT_HEIGHT_AR,END_CO_DIST_FROM_RUNWAY_END,END_CO_CENTERLINE_OFFSET,RUNWAY_LENGTH_SOURCE,RUNWAY_LENGTH_SOURCE_DATE,RUNWAY_CAPACITY_SINGLE_WHEEL,RUNWAY_CAPACITY_DOUBLE_WHEEL,RUNWAY_CAPACITY_2_DUAL_TANDEM,RUNWAY_CAPACITY_2_DD_TANDEM,BASE_RUNWAY_END_GRADIENT,BASE_RUNWAY_END_GRADIENT_DIR,BASE_RUNWAY_END_POSITION_SRC,BASE_RUNWAY_END_POSITION_SDT,BASE_RUNWAY_END_ELEV_SRC,BASE_RUNWAY_END_ELEV_SDT,BASE_DISP_THESHOLD_POS_SRC,BASE_DISP_THESHOLD_POS_SDT,BASE_DISP_THESHOLD_ELEV_SRC,BASE_DISP_THESHOLD_ELEV_SDT,BASE_TD_ZONE_ELEV_SRC,BASE_TD_ZONE_ELEV_SDT,BASE_TORA,BASE_TODA,BASE_ASDA,BASE_LDA,BASE_LAHSO,BASE_INTERSECTING_RUNWAY_ID,BASE_DESC_NOT_AN_INTER_RUNWAY,BASE_LATITUDE_LAHSO,BASE_LONGITUDE_LAHSO,BASE_LAHSO_SOURCE,BASE_LAHSO_SOURCE_DATE,RECP_RUNWAY_END_GRADIENT,RECP_RUNWAY_END_GRADIENT_DIR,RECP_RUNWAY_END_POSITION_SRC,RECP_RUNWAY_END_POSITION_SDT,RECP_RUNWAY_END_ELEV_SRC,RECP_RUNWAY_END_ELEV_SDT,RECP_DISP_THESHOLD_POS_SRC,RECP_DISP_THESHOLD_POS_SDT,RECP_DISP_THESHOLD_ELEV_SRC,RECP_DISP_THESHOLD_ELEV_SDT,RECP_TD_ZONE_ELEV_SRC,RECP_TD_ZONE_ELEV_SDT,RECP_TORA,RECP_TODA,RECP_ASDA,RECP_LDA,RECP_LAHSO,RECP_INTERSECTING_RUNWAY_ID,RECP_DESC_NOT_AN_INTER_RUNWAY,RECP_LATITUDE_LAHSO,RECP_LONGITUDE_LAHSO,RECP_LAHSO_SOURCE,RECP_LAHSO_SOURCE_DATE
GE88,,HELIPORT,03974.19*H,FLOYD COUNTY SHERIFFS OFFICE,Southern,GA,FLOYD,ROME,34.28138889,-85.14194444,670,E,ZTL,ZCT,ATLANTA,MCN,MACON,N,,,,,,,,,,,,,,,,03974.19*H,GA,H1,33,33,CONC-TURF-E,,,,H1,,,,,,34.28138889,-85.14194444,670,,,,,,,,,,,,,,,,,,,,,,,,,,,,,,,,,,,,,,,,,,,,,,,,,,,,OWNER,6-Jan-20,,,,,,,OWNER,6-Jan-20,OWNER,6-Jan-20,,,,,,,,,,,,,,,,,,,,,,,,,,,,,,,,,,,,,,,,
ID34,1,HELIPORT,04134.01*H,POWER COUNTY HOSPITAL DISTRICT,Northwest Mountain,ID,POWER,AMERICAN FALLS,42.78144444,-112.8493056,4458,E,ZLC,ZCU,SALT LAKE CITY,BOI,BOISE,N,,,,,,,,,,,,,,,,04134.01*H,ID,H1,52,52,CONC-F,,,,H1,,,,,,42.78144444,-112.8493056,4458,,,,,,,,,,,,,,,,,,,,,,,,,,,,,,,,,,,,,,,,,,,,,,,,,,,,OWNER,14-Aug-19,,,,,,,ADO,14-Aug-19,ADO,14-Aug-19,,,,,,,,,,,,,,,,,,,,,,,,,,,,,,,,,,,,,,,,
4GE7,,HELIPORT,03956.71*H,AE154 BASE,Southern,GA,HOUSTON,PERRY,32.45833333,-83.71027778,360,E,ZTL,ZCT,ATLANTA,MCN,MACON,N,,,,,,,,,,,,,,,,03956.71*H,GA,H1,40,40,CONC,,,,H1,,,,,,32.45833333,-83.71027778,360,,,,,,,,,,,,,,,,,,,,,,,,,,,,,,,,,,,,,,,,,,,,,,,,,,,,OWNER,5-Feb-20,,,,,,,OWNER,5-Feb-20,OWNER,5-Feb-20,,,,,,,,,,,,,,,,,,,,,,,,,,,,,,,,,,,,,,,,
IL58,,HELIPORT,04955.10*H,JONATHAN AND JULIANNE MABRY,Great Lakes,IL,BUREAU,PRINCETON,41.34308333,-89.43672222,663,E,ZAU,ZCG,CHICAGO,IKK,KANKAKEE,N,,,,,,,,,,Y,,,,,,04955.10*H,IL,H1,33,33,CONC,,,,H1,,,,,,,,,,,,,,,,,,,,,,,,,,,,,,,,,,,,,,,,,,,,,,,,,,,,,,,,,,,,STATE,18-Jan-19,,,,,,,,,,,,,,,,,,,,,,,,,,,,,,,,,,,,,,,,,,,,,,,,,,
IN73,1,HELIPORT,05168.03*H,CLARION NORTH MEDICAL CENTER,Great Lakes,IN,HAMILTON,CARMEL,39.95858333,-86.15894444,849,E,ZID,ZCI,INDIANAPOLIS,HUF,TERRE HAUTE,N,,,,,,,,,,Y-L,,,,,,05168.03*H,IN,H1,60,60,CONC-G,,,PERI,H1,,,,,,39.95858333,-86.15894444,849,,,,,,,,,,,,,,,,,,8,,,,,,,,,,,,,,,,,,,,,,,,,,,,,,,,,,OWNER,22-Mar-11,,,,,,,OWNER,22-Mar-11,OWNER,22-Mar-11,,,,,,,,,,,,,,,,,,,,,,,,,,,,,,,,,,,,,,,,
IN13,,HELIPORT,05172.2*H,BIANCHI,Great Lakes,IN,LAKE,CEDAR LAKE,41.38447222,-87.43355556,701,S,ZAU,ZCG,CHICAGO,HUF,TERRE HAUTE,N,,,,,,,,,,Y-L,,,,,,05172.2*H,IN,H1,26,26,CONC-G,,,PERI,H1,,,,,,,,,,,,,,,,,,,,,,,,,,,,,,,,,,,,,,,,,,,,,,,,,,,,,,,,,,,,OWNER,30-Jun-19,,,,,,,,,,,,,,,,,,,,,,,,,,,,,,,,,,,,,,,,,,,,,,,,,,
IN67,,HELIPORT,05310.04*H,GRANGER HOSPITAL,Great Lakes,IN,ST JOSEPH,SOUTH BEND,41.73466667,-86.15122222,787,E,ZAU,ZCG,CHICAGO,HUF,TERRE HAUTE,N,,,,,,,,,,,,,,,,05310.04*H,IN,H1,46,46,CONC-F,,,,H1,,,,,,,,,,,,,,,,,,,,,,,,,,,,,,,,,,,,,,,,,,,,,,,,,,,,,,,,,,,,OWNER,13-Nov-19,,,,,,,,,,,,,,,,,,,,,,,,,,,,,,,,,,,,,,,,,,,,,,,,,,
5IN7,1,HELIPORT,05460.13*H,MARION GENERAL HOSPITAL,Great Lakes,IN,GRANT,MARION,40.56458333,-85.66547222,837,E,ZAU,ZCG,CHICAGO,GUS,GRISSOM AFB,N,,,,,,,,,,,,,,,,05460.13*H,IN,H1,48,48,CONC,,,,H1,,,,,,40.56458333,-85.66547222,837,,,,,,,,,,,,,,,,,,,,,,,,,,,,,,,,,,,,,,,,,,,,,,,,,,,,OWNER,26-Dec-16,,,,,,,,,,,,,,,,,,,,,,,,,,,,,,,,,,,,,,,,,,,,,,,,,,
IN89,1,HELIPORT,05721.01*H,PARKVIEW WABASH HOSPITAL,Great Lakes,IN,WABASH,WABASH,40.81994444,-85.82411111,789,E,ZAU,ZCG,CHICAGO,HUF,TERRE HAUTE,N,,,,,,,,,,,,,,,,05721.01*H,IN,H1,45,45,CONC,,,,H1,,,,,,40.81994444,-85.82411111,789,,,,,,,,,,,ODALS,,,,,,,,,,,,,,,,,,,,,,,,,,,,,,,,,,,,,,,,,ADO,2-Dec-19,,,,,,,FAA-EST IMAGERY,2-Dec-19,ADO,2-Dec-19,,,,,,,,,,,,,,,,,,,,,,,,,,,,,,,,,,,,,,,,
23LS,1,HELIPORT,07425.021*H,OLOL CHILDREN'S,Southwestern,LA,EAST BATON ROUGE,BATON ROUGE,30.40113889,-91.09705556,21,E,ZHU,ZCH,HOUSTON,DRI,DE RIDDER,N,,,,,,,,,,,,,,,,07425.021*H,LA,H1,54,54,CONC,,,,H1,,,,,,30.40113889,-91.09705556,21,,,,,,,,,,,,,,,,,,,,,,,,,,,,,,,,,,,,,,,,,,,,,,,,,,,,OWNER,2-Oct-19,,,,,,,OWNER,2-Oct-19,OWNER,2-Oct-19,,,,,,,,,,,,,,,,,,,,,,,,,,,,,,,,,,,,,,,,
49LS,1,HELIPORT,07452.05*H,EMPIRE TERMINAL,Southwestern,LA,PLAQUEMINES,BURAS,29.37325,-89.54919444,8,E,ZHU,ZCH,HOUSTON,DRI,DE RIDDER,N,,,,,,,,N,,Y-L,,,,,,07452.05*H,LA,H1,40,40,CONC,,,,H1,,,,,,29.37325,-89.54919444,8,,,,,,,,,,,,,,,,,,,,,,,,,,,,,,,,,,,,,,,,,,,,,,,,,,,,OWNER,14-May-18,,,,,,,OWNER,14-May-18,OWNER,14-May-18,,,,,,,,,,,,,,,,,,,,,,,,,,,,,,,,,,,,,,,,
LS03,1,HELIPORT,07691.03*H,OGHS MAIN CAMPUS,Southwestern,LA,ST LANDRY,OPELOUSAS,30.54483333,-92.07505556,109,E,ZHU,ZCH,HOUSTON,DRI,DE RIDDER,N,,,,,,,,,,,,,,,,07691.03*H,LA,H1,40,40,CONC,,,,H1,,,,,,30.54483333,-92.07505556,109,,,,,,,,,,,,,,,,,,,,,,,,,,,,,,,,,,,,,,,,,,,,,,,,,,,,OWNER,17-Sep-19,,,,,,,OWNER,17-Sep-19,OWNER,17-Sep-19,,,,,,,,,,,,,,,,,,,,,,,,,,,,,,,,,,,,,,,,
LS63,1,HELIPORT,07691.04*H,OGHS SOUTH CAMPUS,Southwestern,LA,ST LANDRY,OPELOUSAS,30.47194444,-92.07841667,54,E,ZHU,ZCH,HOUSTON,DRI,DE RIDDER,N,,,,,,,,,,,,,,,,07691.04*H,LA,H1,40,40,CONC,,,,H1,,,,,,30.47194444,-92.07841667,54,,,,,,,,,,,,,,,,,,,,,,,,,,,,,,,,,,,,,,,,,,,,,,,,,,,,OWNER,17-Sep-19,,,,,,,OWNER,17-Sep-19,OWNER,17-Sep-19,,,,,,,,,,,,,,,,,,,,,,,,,,,,,,,,,,,,,,,,
16KY,1,HELIPORT,07382.21*H,UCMC AIR CARE WALTON,Southern,KY,BOONE,WALTON,38.85297222,-84.61658333,850,E,ZID,ZCI,INDIANAPOLIS,HUF,TERRE HAUTE,N,,,,,,,,Y,,Y-L,,,,,,07382.21*H,KY,H1,36,36,CONC,,,NSTD,H1,,,,BSC,G,38.85297222,-84.61658333,850,,,,,,,,,,,,,,,,,,,,,,,,,,,,,,,,,,,,,,,,,,,,,,,,,,,,ADO,12-Jun-19,,,,,,,ADO,12-Jun-19,ADO,12-Jun-19,,,,,,,,,,,,,,,,,,,,,,,,,,,,,,,,,,,,,,,,
06KY,1,HELIPORT,07389.02*H,AIR EVAC 133,Southern,KY,GRANT,WILLIAMSTOWN,38.64555556,-84.58230556,941,E,ZID,ZCI,INDIANAPOLIS,HUF,TERRE HAUTE,N,,,,,,,,,,Y,,,,,,07389.02*H,KY,H1,40,40,CONC,,,PERI,H1,,,,,,,,,,,,,,,,,,,,,,,,,,,,,,,,,,,,,,,,,,,,,,,,,,,,,,,,,,,,OWNER,9-Jan-18,,,,,,,,,,,,,,,,,,,,,,,,,,,,,,,,,,,,,,,,,,,,,,,,,,
99ME,,HELIPORT,08048.09*H,ISLE AU HAUT,New England,ME,KNOX,ISLE AU HAUT,44.07516667,-68.63241667,55,E,ZBW,ZCB,BOSTON,BGR,BANGOR,N,17W,2010,,,,,,,,Y-L,,,,,,08048.09*H,ME,H1,80,80,TURF-G,,,PERI,H1,,,,NONE,P,44.07516667,-68.63241667,55,,,,,,,,,,,,,,,,,,,,,,,,,,,,,,,,,,,,,,,,,,,,,,,,,,,,OWNER,20-Oct-18,,,,,,,OWNER,20-Oct-18,OWNER,20-Oct-18,,,,,,,,,,,,,,,,,,,,,,,,,,,,,,,,,,,,,,,,
ME98,,HELIPORT,08098.12*H,LONG ISLAND,New England,ME,CUMBERLAND,LONG ISLAND,43.68583333,-70.16727778,65,E,ZBW,ZCB,BOSTON,BGR,BANGOR,N,16W,2010,,,,,,,,Y,,,,,,08098.12*H,ME,H1,60,60,TURF-G,,,PERI,H1,,,,NONE,F,43.68583333,-70.16727778,65,,,,,,,,,,,,,,,,,,,,,,,,,,,,,,,,,,,,,,,,,,,,,,,,,,,,OWNER,6-Aug-18,,,,,,,OWNER,6-Aug-18,OWNER,6-Aug-18,,,,,,,,,,,,,,,,,,,,,,,,,,,,,,,,,,,,,,,,
ME78,,HELIPORT,08145.13*H,MONHEGAN ISLAND,New England,ME,LINCOLN,MONHEGAN ISLAND,43.76433333,-69.31452778,130,E,ZBW,ZCB,BOSTON,BGR,BANGOR,N,16W,2010,,,,,,,,Y,,,,,,08145.13*H,ME,H1,75,75,TURF-F,,,PERI,H1,,,,NONE,P,43.76433333,-69.31452778,130,,,,,,,,,,,,,,,,,,,,,,,,,,,,,,,,,,,,,,,,,,,,,,,,,,,,OWNER,1-Oct-18,,,,,,,OWNER,1-Oct-18,OWNER,1-Oct-18,,,,,,,,,,,,,,,,,,,,,,,,,,,,,,,,,,,,,,,,
2ME2,,HELIPORT,08168.14*H,NORTH HAVEN,New England,ME,KNOX,NORTH HAVEN,44.12936111,-68.87433333,48,E,ZBW,ZCB,BOSTON,BGR,BANGOR,N,17W,2010,,,,,,,,Y,,,,,,08168.14*H,ME,H1,60,60,TURF-F,,,PERI,H1,,,,NONE,F,44.12936111,-68.87433333,48,,,,,,,,,,,,,,,,,,,,,,,,,,,,,,,,,,,,,,,,,,,,,,,,,,,,OWNER,30-Oct-18,,,,,,,OWNER,30-Oct-18,OWNER,30-Oct-18,,,,,,,,,,,,,,,,,,,,,,,,,,,,,,,,,,,,,,,,
4ME9,1,HELIPORT,08181.14*H,NORWAY,New England,ME,OXFORD,NORWAY,44.20930556,-70.53169444,380,E,ZBW,ZCB,BOSTON,BGR,BANGOR,N,16W,2010,,,,,,,,Y,,,,,,08181.14*H,ME,H1,60,60,ASPH-G,,,PERI,H1,,,,NONE,,44.20930556,-70.53169444,380,,,,,,,,,,,,,,,,,,,,,,,,,,,,,,,,,,,,,,,,,,,,,,,,,,,,OWNER,29-Apr-18,,,,,,,FAA,1-Apr-19,OWNER,29-Apr-18,,,,,,,,,,,,,,,,,,,,,,,,,,,,,,,,,,,,,,,,
ME93,,HELIPORT,08186.07*H,BEAULIEU,New England,ME,YORK,OLD ORCHARD BEACH,43.5385,-70.40380556,56,E,ZBW,ZCB,BOSTON,BGR,BANGOR,N,,,,,,,,,,,,,,,,08186.07*H,ME,H1,20,20,CONC,,,,H1,,,,,,43.5385,-70.40380556,56,,,,,,,,,,,,,,,,,,,,,,,,,,,,,,,,,,,,,,,,,,,,,,,,,,,,OWNER,13-Jan-20,,,,,,,OWNER,13-Jan-20,OWNER,13-Jan-20,,,,,,,,,,,,,,,,,,,,,,,,,,,,,,,,,,,,,,,,
MD07,1,HELIPORT,08579.11*H,KITZMILLER LANDING ZONE,Eastern,MD,GARRETT,KITZMILLER,39.38869444,-79.18136111,1608,E,ZOB,ZCC,CLEVELAND,EKN,ELKINS,N,,,,,,,,,,,,,,,,08579.11*H,MD,H1,43,43,CONC-GRVL-F,,,,H1,,,,,,39.38869444,-79.18136111,1608,,,,,,,,,,,,,,,,,,,,,,,,,,,,,,,,,,,,,,,,,,,,,,,,,,,,OWNER,20-Dec-18,,,,,,,OWNER,20-Dec-18,OWNER,20-Dec-18,,,,,,,,,,,,,,,,,,,,,,,,,,,,,,,,,,,,,,,,
1LA2,,HELIPORT,07744.03*H,AIR ONE HELO,Southwestern,LA,EAST FELICIANA,SLAUGHTER,30.75055556,-91.1575,143,E,ZFW,ZCF,FORT WORTH,DRI,DE RIDDER,N,,,,,,,,,,,,,,,,07744.03*H,LA,H1,37,37,CONC-TURF,,,,H1,,,,,,30.75055556,-91.1575,143,,,,,,,,,,,,,,,,,,,,,,,,,,,,,,,,,,,,,,,,,,,,,,,,,,,,OWNER,4-Sep-18,,,,,,,OWNER,4-Sep-18,OWNER,4-Sep-18,,,,,,,,,,,,,,,,,,,,,,,,,,,,,,,,,,,,,,,,
22ME,,HELIPORT,07828.02*H,BAR HARBOR,New England,ME,HANCOCK,BAR HARBOR,44.38166667,-68.20391667,35,E,ZBW,ZCB,BOSTON,BGR,BANGOR,N,17W,2010,,,,,,,,Y-L,,,,,,07828.02*H,ME,H1,60,60,TURF-G,,,PERI,H1,,,,NONE,P,44.38166667,-68.20391667,35,,,,,,,,,,,,,,,,,,,,,,,,,,,,,,,,,,,,,,,,,,,,,,,,,,,,OWNER,23-Jul-18,,,,,,,OWNER,23-Jul-18,OWNER,23-Jul-18,,,,,,,,,,,,,,,,,,,,,,,,,,,,,,,,,,,,,,,,
ME77,,HELIPORT,07926.03*H,CRANBERRY ISLES,New England,ME,HANCOCK,CRANBERRY ISLES,44.25133333,-68.26861111,50,E,ZBW,ZCB,BOSTON,BGR,BANGOR,N,17W,2010,,,,,,,,Y,,,,,,07926.03*H,ME,H1,50,50,TURF-F,,,PERI,H1,,,,NONE,F,44.25133333,-68.26861111,50,,,,,,,,,,,,,,,,,,,,,,,,,,,,,,,,,,,,,,,,,,,,,,,,,,,,OWNER,30-Oct-18,,,,,,,FAA,1-Apr-19,OWNER,30-Oct-18,,,,,,,,,,,,,,,,,,,,,,,,,,,,,,,,,,,,,,,,
45MI,,HELIPORT,09831.905*H,ROTOR-LIFT,Great Lakes,MI,GENESEE,SWARTZ CREEK,42.87022222,-83.82369444,850,,ZOB,ZCC,CLEVELAND,LAN,LANSING,N,,,,,,,,,,,,,,,,09831.905*H,MI,H1,90,90,TURF,,,,H1,,,,,,,,,,,,,,,,,,,,,,,,,,,,,,,,,,,,,,,,,,,,,,,,,,,,,,,,,,,,FAA OE/AAA,10-Apr-19,,,,,,,,,,,,,,,,,,,,,,,,,,,,,,,,,,,,,,,,,,,,,,,,,,
MA01,1,HELIPORT,08917.07*H,GILLETTE STADIUM,New England,MA,NORFOLK,FOXBOROUGH,42.08863889,-71.26327778,271,E,ZBW,ZCB,BOSTON,BDR,BRIDGEPORT,N,,,,,,,,N,,Y-L,,,,,,08917.07*H,MA,H1,43,43,CONC-E,,,FLD,H1,,,N,BSC,G,42.08863889,-71.26327778,271,,,,,,,,,,,,,,,,,,,,,,,,,,,,,,,,,,,,,,,,,,,,,,,,,,,,OWNER,14-Nov-17,,,,,,,OWNER,14-Nov-17,OWNER,14-Nov-17,,,,,,,,,,,,,,,,,,,,,,,,,,,,,,,,,,,,,,,,
57MA,,HELIPORT,09110.14*H,NANTUCKET COTTAGE HOSPITAL,New England,MA,NANTUCKET,NANTUCKET,41.27577778,-70.10183333,38,E,ZBW,ZCB,BOSTON,BDR,BRIDGEPORT,N,,,,,,,,,,Y-L,,,,,,09110.14*H,MA,H1,44,44,CONC-G,,,PERI,H1,,,,BSC,G,41.27577778,-70.10183333,38,,,,,,,,,,,,,,,,,,,,,,,,,,,,,,,,,,,,,,,,,,,,,,,,,,,,OWNER,11-Jun-19,,,,,,,OWNER,11-Jun-19,OWNER,11-Jun-19,,,,,,,,,,,,,,,,,,,,,,,,,,,,,,,,,,,,,,,,
MI43,1,HELIPORT,09991.95*H,BARAGA COUNTY MEMORIAL HOSPITAL,Great Lakes,MI,BARAGA,L'ANSE,46.73169444,-88.4235,985,E,ZMP,ZCP,MINNEAPOLIS,GRB,GREEN BAY,N,,,,,,,,,,,,,,,,09991.95*H,MI,H1,40,40,CONC-G,,,,H1,,,,,,46.73169444,-88.4235,985,,,,,,,,,,,,,,,,,,,,,,,,,,,,,,,,,,,,,,,,,,,,,,,,,,,,OWNER,17-Jul-19,,,,,,,OWNER,17-Jul-19,OWNER,17-Jul-19,,,,,,,,,,,,,,,,,,,,,,,,,,,,,,,,,,,,,,,,
NJ02,,HELIPORT,13581.04*H,CAMDEN TOWER,Eastern,NJ,CAMDEN,CAMDEN,39.94841667,-75.13030556,297,E,ZDC,ZCW,WASHINGTON,MIV,MILLVILLE,N,,,,,,,,,,Y-L,,,,,,13581.04*H,NJ,H1,60,60,CONC-E,,,PERI,H1,,,,BSC,G,39.94841667,-75.13030556,297,,,,,,,,,,,,,,,,,,,,,,,,,,,,,,,,,,,,,,,,,,,,,,,,,,,,OWNER,22-Jul-19,,,,,,,OWNER,22-Jul-19,OWNER,22-Jul-19,,,,,,,,,,,,,,,,,,,,,,,,,,,,,,,,,,,,,,,,
35NY,,HELIPORT,15010.11*H,KLEINMAN'S,Eastern,NY,NASSAU,CENTRE ISLAND,40.89833333,-73.51852778,8,E,ZBW,ZCB,BOSTON,ISP,NEW YORK,N,,,,,,,,,,,,,,,,15010.11*H,NY,H1,20,20,CONC-TURF,,,,H1,,,,,,40.89833333,-73.51852778,8,,,,,,,,,,,,,,,,,,,,,,,,,,,,,,,,,,,,,,,,,,,,,,,,,,,,OWNER,3-Jan-19,,,,,,,OWNER,3-Jan-19,OWNER,3-Jan-19,,,,,,,,,,,,,,,,,,,,,,,,,,,,,,,,,,,,,,,,
MU75,1,HELIPORT,11808.04*H,SSM HEALTH ST MARY'S,Central,MO,COLE,JEFFERSON CITY,38.55872222,-92.22030556,757,E,ZKC,ZCK,KANSAS CITY,COU,COLUMBIA,N,,,,,,,,,,,,,,,,11808.04*H,MO,H1,40,40,CONC,,,,H1,,,,,,38.55872222,-92.22030556,757,,,,,,,,,,,,,,,,,,,,,,,,,,,,,,,,,,,,,,,,,,,,,,,,,,,,OWNER,16-Jan-20,,,,,,,OWNER,16-Jan-20,OWNER,16-Jan-20,,,,,,,,,,,,,,,,,,,,,,,,,,,,,,,,,,,,,,,,
53NV,,HELIPORT,13016.02*H,BATTLE MOUNTAIN EMS,Western-Pacific,NV,LANDER,BATTLE MOUNTAIN,40.64094444,-116.9406944,4515,E,ZLC,ZCU,SALT LAKE CITY,RNO,RENO,N,,,,,,,,N,,N,,,,,,13016.02*H,NV,H1,40,40,CONC-G,,,PERI,H1,,,,,,40.64094444,-116.9406944,4515,,,,,,,,,,,,,,,FENCE,,A(V),,5,65,,,,,,,,,,,,,,,,,,,,,,,,,,,,,,,,OWNER,5-Aug-19,,,,,,,OWNER,5-Aug-19,OWNER,5-Aug-19,,,,,,,,,,,,,,,,,,,,,,,,,,,,,,,,,,,,,,,,
45NJ,1,HELIPORT,14214.16*H,PRINCETON MEDICAL CENTER,Eastern,NJ,MIDDLESEX,PRINCETON,40.34011111,-74.62558333,83,E,ZNY,ZCN,NEW YORK,MIV,MILLVILLE,N,,,,,,,,,,Y-L,,,,,,14214.16*H,NJ,H1,55,55,CONC,,,MED,H1,,,,,,40.34011111,-74.62558333,83,,,,,,,,,,,,,,,PLINE,L,,,,,,,,,,,,,,,,,,,,,,,,,,,,,,,,,,,,OWNER,21-Mar-19,,,,,,,OWNER,21-Mar-19,OWNER,21-Mar-19,,,,,,,,,,,,,,,,,,,,,,,,,,,,,,,,,,,,,,,,
NV20,1,HELIPORT,13048.14*H,NORTHEASTERN NEVADA RGNL HOSPITAL,Western-Pacific,NV,ELKO,ELKO,40.82441667,-115.7299722,5265,E,ZLC,ZCU,SALT LAKE CITY,RNO,RENO,N,,,,,SS-SR,123,,N,CY,Y,,,,,,13048.14*H,NV,H1,50,50,CONC-G,,,PERI,H1,,,,,,40.82441667,-115.7299722,5265,,,,,,,,,,,,,,,BLDG,L,,,18,135,,,,,,,,,,,,,,,,,,,,,,,,,,,,,,,,OWNER,15-Apr-19,,,,,,,OWNER,15-Apr-19,OWNER,15-Apr-19,,,,,,,,,,,,,,,,,,,,,,,,,,,,,,,,,,,,,,,,
32NV,1,HELIPORT,13073.08*H,HENDERSON HOSPITAL,Western-Pacific,NV,CLARK,HENDERSON,36.07227778,-115.0296389,1664,E,ZLA,ZCL,LOS ANGELES,RNO,RENO,N,,,,,,,,N,,Y-L,,,,,,13073.08*H,NV,H1,40,40,CONC-G,,,PERI,H1,,,,,,36.07227778,-115.0296389,1664,,,,,,,,,,,,,,,BLDG,LM,A(V),,5,65,,,,,,,,,,,,,,,,,,,,,,,,,,,,,,,,OWNER,20-Dec-18,,,,,,,FAA-EST IMAGERY,5-Aug-19,OWNER,20-Dec-18,,,,,,,,,,,,,,,,,,,,,,,,,,,,,,,,,,,,,,,,
64NV,1,HELIPORT,13073.2*H,ST ROSE DOMINICAN SAN MARTIN CAMPUS,Western-Pacific,NV,CLARK,LAS VEGAS,36.05822222,-115.2731111,2622,E,ZLA,ZCL,LOS ANGELES,RNO,RENO,N,,,,,,123.05,123.05,,,,,,,,,13073.2*H,NV,H1,50,50,ASPH-G,,,PERI,H1,,,,,,36.05822222,-115.2731111,2622,,,,,,,,,,,,,,,BLDG,L,,,70,35,,,,,,,,,,,,,,,,,,,,,,,,,,,,,,,,OWNER,1-May-19,,,,,,,OWNER,1-May-19,OWNER,1-May-19,,,,,,,,,,,,,,,,,,,,,,,,,,,,,,,,,,,,,,,,
NM23,,HELIPORT,14525.01*H,S&J,Southwestern,NM,OTERO,ALAMOGORDO,32.89619444,-105.9671667,4337,E,ZAB,ZCA,ALBUQUERQUE,ABQ,ALBUQUERQUE,N,08E,2020,,,,,,,,,,,,,,14525.01*H,NM,H1,148,282,ASPH,,,,H1,,,,,,32.89619444,-105.9671667,4337,,,,,,,,,,,,,,,,,,,,,,,,,,,,,,,,,,,,,,,,,,,,,,,,,,,,ADO,13-Jan-20,,,,,,,ADO,13-Jan-20,ADO,13-Jan-20,,,,,,,,,,,,,,,,,,,,,,,,,,,,,,,,,,,,,,,,
3NV1,1,HELIPORT,13082.18*H,DESERT SPRINGS HOSPITAL,Western-Pacific,NV,CLARK,LAS VEGAS,36.11252778,-115.1241944,1967,E,ZLA,ZCL,LOS ANGELES,RNO,RENO,N,,,,,,123.05,,,,,,,,,,13082.18*H,NV,H1,46,46,CONC-G,,,NSTD,H1,,,,,,36.11252778,-115.1241944,1967,,,,,,,,,,,,,,,FENCE,L,A(V),,22,120,,,,,,,,,,,,,,,,,,,,,,,,,,,,,,,,OWNER,7-Jan-19,,,,,,,OWNER,7-Jan-19,OWNER,7-Jan-19,,,,,,,,,,,,,,,,,,,,,,,,,,,,,,,,,,,,,,,,
NV86,1,HELIPORT,13083.19*H,SUNRISE MEDICAL CENTER,Western-Pacific,NV,CLARK,LAS VEGAS,36.13261111,-115.1355,2037,E,ZLA,ZCL,LOS ANGELES,RNO,RENO,N,,,,,,,123.05,N,,Y,,,,,,13083.19*H,NV,H1,40,40,CONC-G,,,PERI,H1,,,,NSTD,G,36.13261111,-115.1355,2037,,,,,,,,,,,,,,,,,A(V),,,,,,,,,,,,,,,,,,,,,,,,,,,,,,,,,,,OWNER,9-Nov-18,,,,,,,OWNER,9-Nov-18,OWNER,9-Nov-18,,,,,,,,,,,,,,,,,,,,,,,,,,,,,,,,,,,,,,,,
NM39,1,HELIPORT,14532.01*H,PRESBYTERIAN HOSPITAL,Southwestern,NM,BERNALILLO,ALBUQUERQUE,35.082,-106.6341389,5073,E,ZAB,ZCA,ALBUQUERQUE,ABQ,ALBUQUERQUE,N,11E,1995,,,,,,,,,,,,,,14532.01*H,NM,H1,30,30,CONC,,,,H1,,,,,,35.082,-106.6341389,5073,,,,,,,,,,,,,,,,,,,,,,,,,,,,,,,,,,,,,,,,,,,,,,,,,,,,,,,,,,,,ADO,10-Feb-20,ADO,10-Feb-20,,,,,,,,,,,,,,,,,,,,,,,,,,,,,,,,,,,,,,,,
MU30,1,HELIPORT,11976.805*H,BJC HEALTHCARE,Central,MO,ST CHARLES,O'FALLON,38.71636111,-90.69925,561,E,ZKC,ZCK,KANSAS CITY,COU,COLUMBIA,N,,,,,,,,,,,,,,,,11976.805*H,MO,H1,80,80,CONC,,,,H1,,,,,,38.71636111,-90.69925,561,,,,,,,,,,,,,,,,,,,,,,,,,,,,,,,,,,,,,,,,,,,,,,,,,,,,OWNER,6-Sep-19,,,,,,,OWNER,6-Sep-19,OWNER,6-Sep-19,,,,,,,,,,,,,,,,,,,,,,,,,,,,,,,,,,,,,,,,
NV19,1,HELIPORT,13085.16*H,PERSHING GENERAL HOSPITAL,Western-Pacific,NV,PERSHING,LOVELOCK,40.17636111,-118.4814444,4270,E,ZOA,ZCO,OAKLAND,RNO,RENO,N,,,,,,,,,,Y-L,,,,,,13085.16*H,NV,H1,20,20,CONC-G,,,PERI,H1,,,,,,40.17636111,-118.4814444,4270,,,,,,,,,,,,,,,BLDG,LM,A(V),,18,60,,,,,,,,,,,,,,,,,,,,,,,,,,,,,,,,OWNER,20-Dec-18,,,,,,,OWNER,20-Dec-18,OWNER,20-Dec-18,,,,,,,,,,,,,,,,,,,,,,,,,,,,,,,,,,,,,,,,
99NV,1,HELIPORT,13089.13*H,MESA VIEW RGNL HOSPITAL,Western-Pacific,NV,CLARK,MESQUITE,36.81008333,-114.1168889,1656,E,ZLA,ZCL,LOS ANGELES,RNO,RENO,N,,,,,,,,N,,N,,,,,,13089.13*H,NV,H1,50,50,CONC-G,,,PERI,H1,,,,NSTD,G,36.81008333,-114.1168889,1656,,,,,,,,,,,,,,,FENCE,LM,A(V),,22,120,,,,,,,,,,,,,,,,,,,,,,,,,,,,,,,,OWNER,7-May-19,,,,,,,OWNER,7-May-19,OWNER,7-May-19,,,,,,,,,,,,,,,,,,,,,,,,,,,,,,,,,,,,,,,,
MU79,1,HELIPORT,12028.11*H,DELTA CENTER HELIPORT #1,Central,MO,PEMISCOT,PORTAGEVILLE,36.41602778,-89.70083333,284,E,ZME,ZCM,MEMPHIS,COU,COLUMBIA,N,,,,,,,,,,,,,,,,12028.11*H,MO,H1,50,50,CONC,,,,H1,,,,,,36.41602778,-89.70083333,284,,,,,,,,,,,,,,,,,,,,,,,,,,,,,,,,,,,,,,,,,,,,,,,,,,,,OWNER,6-Sep-19,,,,,,,OWNER,6-Sep-19,OWNER,6-Sep-19,,,,,,,,,,,,,,,,,,,,,,,,,,,,,,,,,,,,,,,,
MU76,1,HELIPORT,12028.12*H,FISHER DELTA RESEARCH CENTER LEE FARM,Central,MO,PEMISCOT,PORTAGEVILLE,36.39591667,-89.61375,284,E,ZME,ZCM,MEMPHIS,COU,COLUMBIA,N,,,,,,,,,,,,,,,,12028.12*H,MO,H1,50,50,CONC,,,,H1,,,,,,36.39591667,-89.61375,284,,,,,,,,,,,,,,,,,,,,,,,,,,,,,,,,,,,,,,,,,,,,,,,,,,,,OWNER,6-Sep-19,,,,,,,OWNER,6-Sep-19,OWNER,6-Sep-19,,,,,,,,,,,,,,,,,,,,,,,,,,,,,,,,,,,,,,,,
MT26,,HELIPORT,12559.65*H,KEYSTONE XL WHITEWATER,Northwest Mountain,MT,PHILLIPS,WHITEWATER,48.7575,-107.5241667,2774,E,ZLC,ZCU,SALT LAKE CITY,GTF,GREAT FALLS,N,,,,,,,,,,,,,,,,12559.65*H,MT,H1,40,40,MATS,,,,H1,,,,,,,,,,,,,,,,,,,,,,,,,,,,,,,,,,,,,,,,,,,,,,,,,,,,,,,,,,,,OWNER,30-Dec-19,,,,,,,,,,,,,,,,,,,,,,,,,,,,,,,,,,,,,,,,,,,,,,,,,,
NV77,,HELIPORT,13123.16*H,PATHFINDER HELIPAD,Western-Pacific,NV,WASHOE,RENO,39.55211111,-119.8362778,4850,E,ZOA,ZCO,OAKLAND,RNO,RENO,N,,,,,,,,,,,,,,,,13123.16*H,NV,H1,40,40,ASPH-G,NONE,,,H1,,,,NSTD,,39.55211111,-119.8362778,4850,,,,,,,,,,,,,,,,,,,,,,,,,,,,,,,,,,,,,,,,,,,,,,,,,,,,OWNER,5-Dec-18,,,,,,,OWNER,5-Dec-18,OWNER,5-Dec-18,,,,,,,,,,,,,,,,,,,,,,,,,,,,,,,,,,,,,,,,
NV91,,HELIPORT,13128.06*H,FLY SIN CITY #1,Western-Pacific,NV,CLARK,SANDY VALLEY,35.84488889,-115.5481944,4331,E,ZLA,ZCL,LOS ANGELES,RNO,RENO,N,,,,,,,,N,,Y,,,,,,13128.06*H,NV,H1,65,65,WOOD-G,,,,H1,,,,,,35.84488889,-115.5481944,4331,,,,,,,,,,,,,,,,,,,,,,,,,,,,,,,,,,,,,,,,,,,,,,,,,,,,OWNER,24-Jan-17,,,,,,,OWNER,24-Jan-17,OWNER,24-Jan-17,,,,,,,,,,,,,,,,,,,,,,,,,,,,,,,,,,,,,,,,
NV92,,HELIPORT,13128.07*H,FLY SIN CITY #2,Western-Pacific,NV,CLARK,SANDY VALLEY,35.84927778,-115.55525,3727,E,ZLA,ZCL,LOS ANGELES,RNO,RENO,N,,,,,,,,N,,Y,,,,,,13128.07*H,NV,H1,65,65,DIRT-G,,,,H1,,,,,,35.84927778,-115.55525,3727,,,,,,,,,,,,,,,,,,,,,,,,,,,,,,,,,,,,,,,,,,,,,,,,,,,,OWNER,24-Jan-17,,,,,,,OWNER,24-Jan-17,OWNER,24-Jan-17,,,,,,,,,,,,,,,,,,,,,,,,,,,,,,,,,,,,,,,,
NV93,,HELIPORT,13128.08*H,FLY SIN CITY #3,Western-Pacific,NV,CLARK,SANDY VALLEY,35.84488889,-115.5569167,3675,E,ZLA,ZCL,LOS ANGELES,RNO,RENO,N,,,,,,,,N,,Y,,,,,,13128.08*H,NV,H1,65,65,GRVL-G,,,,H1,,,,,,35.84488889,-115.5569167,3675,,,,,,,,,,,,,,,,,,,,,,,,,,,,,,,,,,,,,,,,,,,,,,,,,,,,OWNER,24-Jan-17,,,,,,,OWNER,24-Jan-17,OWNER,24-Jan-17,,,,,,,,,,,,,,,,,,,,,,,,,,,,,,,,,,,,,,,,
NV10,,HELIPORT,13130.11*H,RENEGADES MINES PARTNERS LLC,Western-Pacific,NV,CLARK,SEARCHLIGHT,35.49388889,-114.8929444,3767,S,ZLA,ZCL,LOS ANGELES,RNO,RENO,N,,,,,,,,,,,,,,,,13130.11*H,NV,H1,37,37,GRVL-F,,,,H1,,,,,,35.49388889,-114.8929444,3767,,,,,,,,,,,,,,,,,,,,,,,,,,,,,,,,,,,,,,,,,,,,,,,,,,,,OWNER,10-Oct-19,,,,,,,OWNER,10-Oct-19,OWNER,10-Oct-19,,,,,,,,,,,,,,,,,,,,,,,,,,,,,,,,,,,,,,,,
NM15,1,HELIPORT,14644.12*H,LOS ALAMOS MEDICAL CENTER,Southwestern,NM,BERNALILLO,LOS ALAMOS,35.88166667,-106.3175,7303,E,ZAB,ZCA,ALBUQUERQUE,ABQ,ALBUQUERQUE,N,10E,2005,,,,123,,,,Y,,,,,,14644.12*H,NM,H1,42,42,CONC,,,,H1,,,Y,,,,,,,,,,,,,,,,,,,,,,,,,,,,,,,,,,,,,,,,,,,,,,,,,,,,,,,,,,,,,,,,,,,,,,,,,,,,,,,,,,,,,,,,,,,,,,,,,,,,,,,,,,,,
NM36,1,HELIPORT,14713.01*H,RUST MEDICAL CENTER,Southwestern,NM,SANDOVAL,RIO RANCHO,35.21894444,-106.6943889,5253,E,ZAB,ZCA,ALBUQUERQUE,ABQ,ALBUQUERQUE,N,11E,1995,,,,,,,,,,,,,,14713.01*H,NM,H1,40,40,CONC,,,,H1,,,,,,35.21894444,-106.6943889,5253,,,,,,,,,,,,,,,,,,,,,,,,,,,,,,,,,,,,,,,,,,,,,,,,,,,,ADO,10-Feb-20,,,,,,,ADO,10-Feb-20,ADO,10-Feb-20,,,,,,,,,,,,,,,,,,,,,,,,,,,,,,,,,,,,,,,,
NM21,,HELIPORT,14728.16*H,PRESBYTERIAN SANTA FE MEDICAL CENTER,Southwestern,NM,SANTA FE,SANTA FE,35.61611111,-106.0256111,6433,E,ZAB,ZCA,ALBUQUERQUE,ABQ,ALBUQUERQUE,N,08E,2020,,,,,,,,,,,,,,14728.16*H,NM,H1,70,70,CONC,,,,H1,,,,,,35.61611111,-106.0256111,6433,,,,,,,,,,,,,,,,,,,,,,,,,,,,,,,,,,,,,,,,,,,,,,,,,,,,STATE,26-Jul-19,,,,,,,STATE,26-Jul-19,STATE,26-Jul-19,,,,,,,,,,,,,,,,,,,,,,,,,,,,,,,,,,,,,,,,
03MT,,HELIPORT,12265.6*H,BILLINGS FLYING SERVICE,Northwest Mountain,MT,YELLOWSTONE,BILLINGS,45.80905556,-108.5699722,3671,,ZLC,ZCU,SALT LAKE CITY,GTF,GREAT FALLS,N,,,,,,,,,,,,,,,,12265.6*H,MT,H1,200,300,CONC,,,,H1,,,,,,,,,,,,,,,,,,,,,,,,,,,,,,,,,,,,,,,,,,,,,,,,,,,,,,,,,,,,OWNER,,,,,,,,,,,,,,,,,,,,,,,,,,,,,,,,,,,,,,,,,,,,,,,,,,,
OH91,1,HELIPORT,17724.33*H,ADENA RGNL MEDICAL CNTR,Great Lakes,OH,ROSS,CHILLICOTHE,39.39561111,-82.97027778,747,E,ZID,ZCI,INDIANAPOLIS,DAY,DAYTON,N,07W,2020,,,,,,,,,,,,,,17724.33*H,OH,H1,40,40,CONC,,,,H1,,,,,,39.39561111,-82.97027778,747,,,,,,,,,,,,,,,,,,,,,,,,,,,,,,,,,,,,,,,,,,,,,,,,,,,,OWNER,2-Nov-18,,,,,,,OWNER,2-Nov-18,OWNER,2-Nov-18,,,,,,,,,,,,,,,,,,,,,,,,,,,,,,,,,,,,,,,,
47OH,,HELIPORT,17868.01*H,OLDSELLS,Great Lakes,OH,FRANKLIN,DUBLIN,40.06766667,-83.118,845,E,ZID,ZCI,INDIANAPOLIS,DAY,DAYTON,N,,,,,,,,,,,,,,,,17868.01*H,OH,H1,35,35,TURF,,,,H1,,,,,,40.06766667,-83.118,845,,,,,,,,,,,,,,,,,,,,,,,,,,,,,,,,,,,,,,,,,,,,,,,,,,,,OWNER,7-Feb-20,,,,,,,OWNER,7-Feb-20,OWNER,7-Feb-20,,,,,,,,,,,,,,,,,,,,,,,,,,,,,,,,,,,,,,,,
6OH3,,HELIPORT,17889.55*H,KETTERING EMERGENCY CENTER PREBLE,Great Lakes,OH,PREBLE,EATON,39.76636111,-84.64822222,1063,E,ZID,ZCI,INDIANAPOLIS,DAY,DAYTON,N,,,,,,,,,,,,,,,,17889.55*H,OH,H1,50,50,CONC,,,,H1,,,,,,39.76636111,-84.64822222,1063,,,,,,,,,,,,,,,,,,,,,,,,,,,,,,,,,,,,,,,,,,,,,,,,,,,,OWNER,10-Dec-18,,,,,,,OWNER,10-Dec-18,OWNER,10-Dec-18,,,,,,,,,,,,,,,,,,,,,,,,,,,,,,,,,,,,,,,,
3OH5,1,HELIPORT,18199.03*H,KETTERING HEALTH MIDDLETOWN,Great Lakes,OH,WARREN,MIDDLETOWN,39.49222222,-84.31916667,723,,ZID,ZCI,INDIANAPOLIS,DAY,DAYTON,N,,,,,,,,,,Y,,,,,,18199.03*H,OH,H1,50,50,CONC,,,,H1,,,,,,,,,,,,,,,,,,,,,,,,,,,,,,,,,,,,,,,,,,,,,,,,,,,,,,,,,,,,,,,,,,,,,,,,,,,,,,,,,,,,,,,,,,,,,,,,,,,,,,,,,,,,,,,
9OH6,1,HELIPORT,18405.25*H,HOLZER EMERGENCY MEDICAL FACILITY,Great Lakes,OH,MEIGS,POMEROY,39.05583333,-82.01388889,703,E,ZID,ZCI,INDIANAPOLIS,DAY,DAYTON,N,,,,,,,,,,,,,,,,18405.25*H,OH,H1,40,40,CONC,,,,H1,,,,,,39.05583333,-82.01388889,703,,,,,,,,,,,,,,,,,,,,,,,,,,,,,,,,,,,,,,,,,,,,,,,,,,,,OWNER,19-Aug-19,,,,,,,OWNER,,,,,,,,,,,,,,,,,,,,,,,,,,,,,,,,,,,,,,,,,,,
NY38,,HELIPORT,15888.10*H,JOHANSON ESTATE,Eastern,NY,NASSAU,OYSTER BAY,40.90688889,-73.51608333,2,E,ZBW,ZCB,BOSTON,ISP,NEW YORK,N,,,,,,,,,,,,,,,,15888.10*H,NY,H1,46,46,TURF,,,PERI,H1,,,,,,40.90688889,-73.51608333,2,,,,,,,,,,,,,,,,,,,,,,,,,,,,,,,,,,,,,,,,,,,,,,,,,,,,OWNER,24-Dec-18,,,,,,,OWNER,24-Dec-18,OWNER,24-Dec-18,,,,,,,,,,,,,,,,,,,,,,,,,,,,,,,,,,,,,,,,
NY04,,HELIPORT,15888.15*H,CLIVE HOLMES ESTATE,Eastern,NY,NASSAU,OYSTER BAY,40.91411111,-73.52058333,13,E,ZNY,ZCN,NEW YORK,ISP,NEW YORK,N,,,,,,,,,,,,,,,,15888.15*H,NY,H1,46,46,CONC-TURF,,,PERI,H1,,,,,,40.91411111,-73.52058333,13,,,,,,,,,,,,,,,,,,,,,,,,,,,,,,,,,,,,,,,,,,,,,,,,,,,,OWNER,15-Mar-19,,,,,,,OWNER,15-Mar-19,OWNER,15-Mar-19,,,,,,,,,,,,,,,,,,,,,,,,,,,,,,,,,,,,,,,,
ND05,,HELIPORT,17488.13*H,MCHS HOSPITAL,Great Lakes,ND,MC KENZIE,WATFORD CITY,47.80394444,-103.2691389,2083,E,ZLC,ZCU,SALT LAKE CITY,GFK,GRAND FORKS,N,,,,,,,,,,Y,,,,,,17488.13*H,ND,H1,42,42,CONC,,,PERI,H1,,,,,,47.80394444,-103.2691389,2083,,,,,,,,,,,,,,,,,,,,,,,,,,,,,,,,,,,,,,,,,,,,,,,,,,,,OWNER,4-Jun-19,,,,,,,OWNER,4-Jun-19,OWNER,4-Jun-19,,,,,,,,,,,,,,,,,,,,,,,,,,,,,,,,,,,,,,,,
OH17,,HELIPORT,18585.22*H,KETTERING HEALTH TROY,Great Lakes,OH,MIAMI,TROY,40.04380556,-84.21097222,831,E,ZID,ZCI,INDIANAPOLIS,DAY,DAYTON,N,,,,,,,,,,,,,,,,18585.22*H,OH,H1,50,50,CONC,,,,H1,,,,,,40.04380556,-84.21097222,831,,,,,,,,,,,,,,,,,,,,,,,,,,,,,,,,,,,,,,,,,,,,,,,,,,,,OWNER,7-Dec-18,,,,,,,OWNER,7-Dec-18,OWNER,7-Dec-18,,,,,,,,,,,,,,,,,,,,,,,,,,,,,,,,,,,,,,,,
11PA,,HELIPORT,20705.23*H,WORCESTER,Eastern,PA,MONTGOMERY,WORCESTER,40.19194444,-75.31333333,415,E,ZNY,ZCN,NEW YORK,IPT,WILLIAMSPORT,N,,,,,,,,,,N,,,,,,20705.23*H,PA,H1,60,60,TURF-DIRT,,,,H1,,,,,,40.19194444,-75.31333333,415,,,,,,,,,,,,,,,,,,,,,,,,,,,,,,,,,,,,,,,,,,,,,,,,,,,,OWNER,11-Mar-19,,,,,,,OWNER,11-Mar-19,OWNER,11-Mar-19,,,,,,,,,,,,,,,,,,,,,,,,,,,,,,,,,,,,,,,,
13TA,,HELIPORT,23908.08*H,TEXAS HEALTH RESOURCES FRISCO HOSPITAL,Southwestern,TX,COLLIN,FRISCO,33.18055556,-96.83833333,646,E,ZFW,ZCF,FORT WORTH,FTW,FORT WORTH,N,,,,,SS-SR,,,,CGY,,,,,,,23908.08*H,TX,H1,40,40,ASPH-CONC-G,,,PERI,H1,,,,,,33.18055556,-96.83833333,646,,,,,,,,,,,,,,,,,,,,,,,,,,,,,,,,,,,,,,,,,,,,,,,,,,,,OWNER,3-Oct-18,,,,,,,OWNER,3-Oct-18,OWNER,3-Oct-18,,,,,,,,,,,,,,,,,,,,,,,,,,,,,,,,,,,,,,,,
87XA,,HELIPORT,24353.54*H,METHODIST MIDLOTHIAN MEDICAL CENTER,Southwestern,TX,ELLIS,MIDLOTHIAN,32.47083333,-96.98305556,761,E,ZFW,ZCF,FORT WORTH,FTW,FORT WORTH,N,,,,,,,,,,,,,,,,24353.54*H,TX,H1,40,40,CONC-G,,,,H1,,,,,,32.47083333,-96.98305556,761,,,,,,,,,,,,,,,,,,,,,,,,,,,,,,,,,,,,,,,,,,,,,,,,,,,,OWNER,28-Aug-19,,,,,,,OWNER,28-Aug-19,OWNER,28-Aug-19,,,,,,,,,,,,,,,,,,,,,,,,,,,,,,,,,,,,,,,,
XA97,1,HELIPORT,23548.55*H,MOTHER FRANCES-CANTON,Southwestern,TX,VAN ZANDT,CANTON,32.58722222,-95.87369444,509,E,ZFW,ZCF,FORT WORTH,FTW,FORT WORTH,N,,,,,,,,,,,,,,,,23548.55*H,TX,H1,50,50,CONC-G,,,,H1,,,,BSC,F,32.58722222,-95.87369444,509,,,,,,,,,,,,,,,,,,,,,,,,,,,,,,,,,,,,,,,,,,,,,,,,,,,,OWNER,4-Feb-20,,,,,,,OWNER,4-Feb-20,OWNER,4-Feb-20,,,,,,,,,,,,,,,,,,,,,,,,,,,,,,,,,,,,,,,,
55XA,1,HELIPORT,23730.02*H,1101 EAST BLVD DEER PARK,Southwestern,TX,HARRIS,DEER PARK,29.70275,-95.10163889,28,E,ZHU,ZCH,HOUSTON,CXO,MONTGOMERY COUNTY,N,,,,,,,,,,Y,,,,,,23730.02*H,TX,H1,40,40,CONC-F,,,,H1,,,,NONE,F,29.70275,-95.10163889,28,,,,,,,,,,,,,,,,,,,,,,,,,,,,,,,,,,,,,,,,,,,,,,,,,,,,OWNER,6-Nov-18,,,,,,,OWNER,6-Nov-18,OWNER,6-Nov-18,,,,,,,,,,,,,,,,,,,,,,,,,,,,,,,,,,,,,,,,
50XA,1,HELIPORT,23826.17*H,LAS PALMAS MEDICAL CENTER,Southwestern,TX,EL PASO,EL PASO,31.77075,-106.4984167,3897,E,ZAB,ZCA,ALBUQUERQUE,ABQ,ALBUQUERQUE,N,,,,,,,,,,,,,,,,23826.17*H,TX,H1,53,53,MATS-F,,,,H1,,,,NONE,F,31.77066667,-106.4984167,3897,,,,,,,,,,,,,,,,,,,,,,,,,,,,,,,,,,,,,,,,,,,,,,,,,,,,OWNER,15-Aug-18,,,,,,,OWNER,15-Aug-18,OWNER,15-Aug-18,,,,,,,,,,,,,,,,,,,,,,,,,,,,,,,,,,,,,,,,
5TX5,1,HELIPORT,23373.19*H,ST DAVIDS HEALTHCARE,Southwestern,TX,TRAVIS,AUSTIN,30.22541667,-97.77433333,786,E,ZHU,ZCH,HOUSTON,SJT,SAN ANGELO,N,,,,,,,,,,,,,,,,23373.19*H,TX,H1,43,43,MATS-G,,,,H1,,,,,,30.22541667,-97.77433333,786,,,,,,,,,,,,,,,,,,,,,,,,,,,,,,,,,,,,,,,,,,,,,,,,,,,,OWNER,14-May-19,,,,,,,OWNER,14-May-19,OWNER,14-May-19,,,,,,,,,,,,,,,,,,,,,,,,,,,,,,,,,,,,,,,,
67TA,,HELIPORT,24732.13*H,LEADING EDGE SAN MARCOS,Southwestern,TX,HAYS,SAN MARCOS,29.8025,-98.01472222,673,E,ZHU,ZCH,HOUSTON,SJT,SAN ANGELO,N,,,,,,,,N,,N,,,,,,24732.13*H,TX,H1,50,50,CONC-G,,,,H1,,,,,,29.8025,-98.01472222,673,,,,,,,,,,,,,,,,,,,,,,,,,,,,,,,,,,,,,,,,,,,,,,,,,,,,OWNER,31-Jan-19,,,,,,,OWNER,31-Jan-19,OWNER,31-Jan-19,,,,,,,,,,,,,,,,,,,,,,,,,,,,,,,,,,,,,,,,
WA17,,HELIPORT,26376.01*H,MILLIONAIRE,Northwest Mountain,WA,JEFFERSON,QUILCENE,47.92605556,-122.8531111,647,E,ZSE,ZCS,SEATTLE,SEA,SEATTLE,N,,,,,,,,,,,,,,,,26376.01*H,WA,H1,200,200,TURF-DIRT,,,,H1,,,,,,47.92605556,-122.8531111,647,,,,,,,,,,,,,,,,,,,,,,,,,,,,,,,,,,,,,,,,,,,,,,,,,,,,OWNER,8-Nov-19,,,,,,,OWNER,8-Nov-19,OWNER,8-Nov-19,,,,,,,,,,,,,,,,,,,,,,,,,,,,,,,,,,,,,,,,
WA56,,HELIPORT,26376.02*H,BLACKHEART,Northwest Mountain,WA,JEFFERSON,QUILCENE,47.92738889,-122.8550278,651,E,ZSE,ZCS,SEATTLE,SEA,SEATTLE,N,,,,,,,,,,,,,,,,26376.02*H,WA,H1,100,100,TURF-DIRT,,,,H1,,,,,,47.92738889,-122.8550278,651,,,,,,,,,,,,,,,,,,,,,,,,,,,,,,,,,,,,,,,,,,,,,,,,,,,,OWNER,8-Nov-19,,,,,,,OWNER,8-Nov-19,OWNER,8-Nov-19,,,,,,,,,,,,,,,,,,,,,,,,,,,,,,,,,,,,,,,,
WA70,,HELIPORT,26416.8*H,BIRDHOUSE,Northwest Mountain,WA,SPOKANE,SPOKANE,47.60133333,-117.23575,2341,E,ZSE,ZCS,SEATTLE,SEA,SEATTLE,N,,,,,,,,,,,,,,,,26416.8*H,WA,H1,51,42,CONC,,,NSTD,H1,,,,,G,,,,,,,,,,,,,,,,,,,,,,,,,,,,,,,,,,,,,,,,,,,,,,,,,,,,,,,,,,,,,,,,,,,,,,,,,,,,,,,,,,,,,,,,,,,,,,,,,,,,,,,,,,
39VA,1,HELIPORT,25995.54*H,LEWIS GALE MEDICAL CENTER,Eastern,VA,ROANOKE,SALEM,37.26363889,-80.03083333,1074,E,ZDC,ZCW,WASHINGTON,DCA,LEESBURG,N,,,,,,,,,,,,,,,,25995.54*H,VA,H1,50,50,CONC,,,,H1,,,,,,37.26363889,-80.03083333,1074,,,,,,,,,,,,,,,,,,,,,,,,,,,,,,,,,,,,,,,,,,,,,,,,,,,,OWNER,3-Dec-19,,,,,,,OWNER,3-Dec-19,OWNER,3-Dec-19,,,,,,,,,,,,,,,,,,,,,,,,,,,,,,,,,,,,,,,,
VT24,,HELIPORT,25404.055*H,QUESNEL FARM PROPERTY,New England,VT,ADDISON,CORNWALL,43.98858333,-73.25291667,181.1,E,ZBW,ZCB,BOSTON,BTV,BURLINGTON,N,,,,,,,,,,,,,,,,25404.055*H,VT,H1,33,33,TURF-DIRT,,,,H1,,,,,,,,,,,,,,,,,,,,,,,,,,,,,,,,,,,,,,,,,,,,,,,,,,,,,,,,,,,,OWNER,4-Feb-20,,,,,,,,,,,,,,,,,,,,,,,,,,,,,,,,,,,,,,,,,,,,,,,,,,
VT80,,HELIPORT,25581.71*H,MONUMENT FARMS DAIRY BITTERSWEET FALLS RD,New England,VT,ADDISON,WEYBRIDGE,44.03652778,-73.21386111,394,E,ZBW,ZCB,BOSTON,BTV,BURLINGTON,N,,,,,,,,,,,,,,,,25581.71*H,VT,H1,33,33,TURF-DIRT,,,,H1,,,,,,44.03513889,-73.21480556,381.1,,,,,,,,,,,,,,,,,,,,,,,,,,,,,,,,,,,,,,,,,,,,,,,,,,,,OWNER,4-Feb-20,,,,,,,OWNER,4-Feb-20,OWNER,4-Feb-20,,,,,,,,,,,,,,,,,,,,,,,,,,,,,,,,,,,,,,,,
VT80,,HELIPORT,25581.71*H,MONUMENT FARMS DAIRY BITTERSWEET FALLS RD,New England,VT,ADDISON,WEYBRIDGE,44.03652778,-73.21386111,394,E,ZBW,ZCB,BOSTON,BTV,BURLINGTON,N,,,,,,,,,,,,,,,,25581.71*H,VT,H2,33,33,TURF,,,,H2,,,,,,44.03652778,-73.21386111,394,,,,,,,,,,,,,,,,,,,,,,,,,,,,,,,,,,,,,,,,,,,,,,,,,,,,OWNER,4-Feb-20,,,,,,,OWNER,4-Feb-20,OWNER,4-Feb-20,,,,,,,,,,,,,,,,,,,,,,,,,,,,,,,,,,,,,,,,
98VA,,HELIPORT,25624.*H,GLASCOCK,Eastern,VA,LOUDOUN,ARCOLA,38.94438889,-77.54219444,330,E,ZDC,ZCW,WASHINGTON,DCA,LEESBURG,N,09W,1985,,N,,,,N,,Y,,,,,,25624.*H,VA,H1,54,54,TURF-F,,,,H1,,,,,,38.94438889,-77.54219444,330,,,,,,,,,,,,,,,,,,,,,,,,,,,,,,,,,,,,,,,,,,,,,,,,,,,,OWNER,1-Nov-18,,,,,,,OWNER,1-Nov-18,OWNER,1-Nov-18,,,,,,,,,,,,,,,,,,,,,,,,,,,,,,,,,,,,,,,,
CN67,1,HELIPORT,01570.31*H,ROTORCRAFT SUPPORT INC/RSI,Western-Pacific,CA,VENTURA,FILLMORE,34.39122222,-118.9329722,403,E,ZLA,ZCL,LOS ANGELES,HHR,HAWTHORNE,N,,,,,,,,N,,N,,,,,,01570.31*H,CA,H1,54,54,ASPH-CONC,,,,H1,,,,,,34.39122222,-118.9329722,403,,,,,,,,,,,,,,,,,,,,,,,,,,,,,,,,,,,,,,,,,,,,,,,,,,,,OWNER,17-Jan-20,,,,,,,OWNER,17-Jan-20,OWNER,17-Jan-20,,,,,,,,,,,,,,,,,,,,,,,,,,,,,,,,,,,,,,,,
CA96,1,HELIPORT,01591.51*H,SAINT AGNES MEDICAL CENTER,Western-Pacific,CA,FRESNO,FRESNO,36.83588889,-119.7647778,450,E,ZOA,ZCO,OAKLAND,RIU,RANCHO MURIETA,N,,,,,,,,N,,N,,,,,,01591.51*H,CA,H1,50,50,CONC,,,,H1,,,,,,36.83588889,-119.7647778,450,,,,,,,,,,,,,,,,,,,,,,,,,,,,,,,,,,,,,,,,,,,,,,,,,,,,,,,,,,,,OWNER,25-Jun-19,OWNER,25-Jun-19,,,,,,,,,,,,,,,,,,,,,,,,,,,,,,,,,,,,,,,,
CN18,1,HELIPORT,02149.19*H,SAN BERNARDINO COMMUNITY HOSPITAL,Western-Pacific,CA,SAN BERNARDINO,SAN BERNARDINO,34.13069444,-117.3216667,1213,E,ZLA,ZCL,LOS ANGELES,RAL,RIVERSIDE,N,,,,,,,,N,,Y,,,,,,02149.19*H,CA,H1,40,40,CONC,,,PERI,H1,,,,,,34.13069444,-117.3216667,1213,,,,,,,,,,,,,,,,,,,,,,,,,,,,,,,,,,,,,,,,,,,,,,,,,,,,OWNER,7-Aug-19,,,,,,,OWNER,7-Aug-19,OWNER,7-Aug-19,,,,,,,,,,,,,,,,,,,,,,,,,,,,,,,,,,,,,,,,
AL01,1,HELIPORT,00209.16*H,PICKENS COUNTY MEDICAL CENTER,Southern,AL,PICKENS,CARROLLTON,33.27419444,-88.08933333,239,,ZID,ZCI,INDIANAPOLIS,HUF,TERRE HAUTE,N,,,,,,,,,,,,,,,,00209.16*H,AL,H1,30,30,CONC-GRVL,,,,H1,,,,,,,,,,,,,,,,,,,,,,,,,,,,,,,,,,,,,,,,,,,,,,,,,,,,,,,,,,,,,,,,,,,,,,,,,,,,,,,,,,,,,,,,,,,,,,,,,,,,,,,,,,,,,,,
AL00,1,HELIPORT,00290.08*H,MEDICAL CENTER BARBOUR,Southern,AL,BARBOUR,EUFAULA,31.88944444,-85.15619444,299,E,ZTL,ZCT,ATLANTA,OLU,COLUMBUS,N,,,,,,,,,,,,,,,,00290.08*H,AL,H1,50,50,CONC,,,,H1,,,,,,,,,,,,,,,,,,,,,,,,,,,,,,,,,,,,,,,,,,,,,,,,,,,,,,,,,,,,OWNER,30-Mar-10,,,,,,,,,,,,,,,,,,,,,,,,,,,,,,,,,,,,,,,,,,,,,,,,,,
40AL,,HELIPORT,00310.14*H,NORTH ALABAMA MEDICAL CENTER,Southern,AL,LAUDERDALE,FLORENCE,34.80511111,-87.65280556,526,E,ZME,ZCM,MEMPHIS,CXO,MONTGOMERY COUNTY,N,,,,,SS-SR,,,,CGY,Y-L,,,,,,00310.14*H,AL,H1,40,40,CONC,,,PERI,H1,,,,,,34.80511111,-87.65280556,526,,,,,,,,,,,,,,,,,,,,,,,,,,,,,,,,,,,,,,,,,,,,,,,,,,,,OWNER,18-Sep-18,,,,,,,OWNER,18-Sep-18,OWNER,18-Sep-18,,,,,,,,,,,,,,,,,,,,,,,,,,,,,,,,,,,,,,,,
CN90,1,HELIPORT,01358.1*H,API GATEWAY,Western-Pacific,CA,IMPERIAL,CALEXICO,32.67586111,-115.3720278,34,E,ZLA,ZCL,LOS ANGELES,SAN,SAN DIEGO,N,11E,2020,,,,,,N,,Y,,,,,,01358.1*H,CA,H1,78,78,CONC-G,,,,H1,,,,,,32.67586111,-115.3720278,34,,,,,,,,,,,,,,,,,,,,,,,,,,,,,,,,,,,,,,,,,,,,,,,,,,,,OWNER,1-Mar-19,,,,,,,OWNER,1-Mar-19,OWNER,1-Mar-19,,,,,,,,,,,,,,,,,,,,,,,,,,,,,,,,,,,,,,,,
17CA,1,HELIPORT,01858.25*H,KAISER FOUNDATION HOSPITAL MANTECA,Western-Pacific,CA,SAN JOAQUIN,MANTECA,37.79794444,-121.2471111,23,E,ZOA,ZCO,OAKLAND,RIU,RANCHO MURIETA,N,,,,,,,,N,,N,,,,,,01858.25*H,CA,H1,40,40,ASPH-CONC,,,,H1,,,,,,37.79794444,-121.2471111,23,,,,,,,,,,,,,,,,,,,,,,,,,,,,,,,,,,,,,,,,,,,,,,,,,,,,OWNER,15-Jul-19,,,,,,,OWNER,15-Jul-19,OWNER,15-Jul-19,,,,,,,,,,,,,,,,,,,,,,,,,,,,,,,,,,,,,,,,
CA10,1,HELIPORT,01866.01*H,JOHN C FREEMONT HOSPITAL,Western-Pacific,CA,MARIPOSA,MARIPOSA,37.49972222,-119.9778333,2225,E,ZOA,ZCO,OAKLAND,RIU,RANCHO MURIETA,N,,,,,,,,,,Y-L,,,,,,01866.01*H,CA,H1,40,40,ASPH-TRTD-G,,,,H1,,,,BSC,G,37.49972222,-119.9778333,2225,,,,,,,,,,,,,,,,,,,,,,,,,,,,,,,,,,,,,,,,,,,,,,,,,,,,OWNER,15-Jul-19,,,,,,,OWNER,15-Jul-19,OWNER,15-Jul-19,,,,,,,,,,,,,,,,,,,,,,,,,,,,,,,,,,,,,,,,
41AL,1,HELIPORT,00336.21*H,UAB HOSPITAL/GARDENDALE FED,Southern,AL,JEFFERSON,GARDENDALE,33.64838889,-86.81888889,630,E,ZTL,ZCT,ATLANTA,ANB,ANNISTON,N,,,,,,,,,,Y,,,,,,00336.21*H,AL,H1,40,40,CONC,,,PERI,H1,,,,,,33.64838889,-86.81888889,630,,,,,,,,,,,,,,,,,,,,,,,,,,,,,,,,,,,,,,,,,,,,,,,,,,,,OWNER,10-Nov-18,,,,,,,OWNER,10-Nov-18,OWNER,10-Nov-18,,,,,,,,,,,,,,,,,,,,,,,,,,,,,,,,,,,,,,,,
19CL,1,HELIPORT,01413.11*H,CLOVIS COMMUNITY MEDICAL CENTER,Western-Pacific,CA,FRESNO,CLOVIS,36.83858333,-119.6590833,390,E,ZOA,ZCO,OAKLAND,RIU,RANCHO MURIETA,N,,,,,,,,,,Y-L,,,,,,01413.11*H,CA,H1,42,42,ASPH-CONC-G,,,,H1,,,,BSC,G,36.83858333,-119.6590833,390,,,,,,,,,,,,,,,,,,,,,,,,,,,,,,,,,,,,,,,,,,,,,,,,,,,,OWNER,13-Jun-19,,,,,,,OWNER,13-Jun-19,OWNER,13-Jun-19,,,,,,,,,,,,,,,,,,,,,,,,,,,,,,,,,,,,,,,,
47AL,1,HELIPORT,00514.19*H,SOUTHFLIGHT,Southern,AL,MOBILE,SEMMES,30.78483333,-88.28072222,253,E,ZTL,ZCT,ATLANTA,ANB,ANNISTON,N,,,,,,,,,,Y-L,,,,,,00514.19*H,AL,H1,40,40,CONC,,,,H1,,,,,,30.78483333,-88.28072222,253,,,,,,,,,,,,,,,,,,,,,,,,,,,,,,,,,,,,,,,,,,,,,,,,,,,,ADO,14-Aug-19,,,,,,,ADO,14-Aug-19,ADO,14-Aug-19,,,,,,,,,,,,,,,,,,,,,,,,,,,,,,,,,,,,,,,,
55CA,1,HELIPORT,02053.01*H,STANFORD HEALTH CARE-VALLEYCARE,Western-Pacific,CA,ALAMEDA,PLEASANTON,37.69438889,-121.8808889,422,E,ZOA,ZCO,OAKLAND,OAK,OAKLAND,N,,,,,,,,N,,N,,,,,,02053.01*H,CA,H1,64,64,ASPH-CONC,,,,H1,,,,,,37.69438889,-121.8808889,422,,,,,,,,,,,ODALS,,,,,,,,,,,,,,,,,,,,,,,,,,,,,,,,,,,,,,,,,OWNER,15-Jul-19,,,,,,,OWNER,15-Jul-19,OWNER,15-Jul-19,,,,,,,,,,,,,,,,,,,,,,,,,,,,,,,,,,,,,,,,
55AL,,HELIPORT,00528.04*H,COOSA VALLEY LANDING ZONE,Southern,AL,TALLADEGA,SYLACAUGA,33.16652778,-86.25533333,562,E,ZTL,ZCT,ATLANTA,ANB,ANNISTON,N,,,,,,,,,,,,,,,,00528.04*H,AL,H1,48,48,CONC,,,,H1,,,,,,,,,,,,,,,,,,,,,,,,,,,,,,,,,,,,,,,,,,,,,,,,,,,,,,,,,,,,ADO,9-May-19,,,,,,,,,,,,,,,,,,,,,,,,,,,,,,,,,,,,,,,,,,,,,,,,,,
97AL,,HELIPORT,00539.02*H,THOMASVILLE REGIONAL MEDICAL CENTER,Southern,AL,CLARKE,THOMASVILLE,31.87580556,-87.74305556,351,E,ZTL,ZCT,ATLANTA,ANB,ANNISTON,N,,,,,,,,,,,,,,,,00539.02*H,AL,H1,40,40,CONC,,,,H1,,,,,,31.87580556,-87.74305556,351,,,,,,,,,,,,,,,,,,,,,,,,,,,,,,,,,,,,,,,,,,,,,,,,,,,,ADO,17-Oct-19,,,,,,,ADO,17-Oct-19,ADO,17-Oct-19,,,,,,,,,,,,,,,,,,,,,,,,,,,,,,,,,,,,,,,,
FL05,1,HELIPORT,03408.07*H,GEICO HELISTOP,Southern,FL,ORANGE,ORLANDO,28.53744444,-81.38447222,197,E,ZJX,ZCJ,JACKSONVILLE,PIE,SAINT PETERSBURG,N,,,,,,,,,,Y-L,,,,,,03408.07*H,FL,H1,38,38,CONC-E,,,PERI,H1,,,,NRS,,28.53744444,-81.38447222,197,,,,,,,,,,,,,,,,,,,,,,,,,,,,,,,,,,,,,,,,,,,,,,,,,,,,OWNER,23-Aug-11,,,,,,,OWNER,23-Aug-11,OWNER,23-Aug-11,,,,,,,,,,,,,,,,,,,,,,,,,,,,,,,,,,,,,,,,
2FL5,1,HELIPORT,03408.15*H,ORLANDO CROSSINGS,Southern,FL,ORANGE,ORLANDO,28.46269444,-81.45522222,142,E,ZJX,ZCJ,JACKSONVILLE,PIE,SAINT PETERSBURG,N,,,,,,,,,,Y-L,,,,,,03408.15*H,FL,H1,34,34,CONC,,,PERI,H1,,,,,,28.46258333,-81.45516667,142,,,,,,,,,,,,,,,,,,,,,,,,,,,,,,,,,,,,,,,,,,,,,,,,,,,,OWNER,24-Apr-18,,,,,,,FAA-EST IMAGERY,13-Feb-19,OWNER,13-Feb-19,,,,,,,,,,,,,,,,,,,,,,,,,,,,,,,,,,,,,,,,
2FL5,1,HELIPORT,03408.15*H,ORLANDO CROSSINGS,Southern,FL,ORANGE,ORLANDO,28.46269444,-81.45522222,142,E,ZJX,ZCJ,JACKSONVILLE,PIE,SAINT PETERSBURG,N,,,,,,,,,,Y-L,,,,,,03408.15*H,FL,H2,34,34,CONC,,,PERI,H2,,,,,,28.46277778,-81.45536111,142,,,,,,,,,,,,,,,,,,,,,,,,,,,,,,,,,,,,,,,,,,,,,,,,,,,,OWNER,24-Apr-18,,,,,,,OWNER,24-Apr-18,OWNER,13-Feb-19,,,,,,,,,,,,,,,,,,,,,,,,,,,,,,,,,,,,,,,,
0FL6,,HELIPORT,03430.63*H,BEACH MOSQUITO CONTROL DISTRICT WEST,Southern,FL,BAY,PANAMA CITY BEACH,30.25105556,-85.90155556,37,E,ZJX,ZCJ,JACKSONVILLE,GNV,GAINESVILLE,N,,,,,,,,,,Y-L,,,,,,03430.63*H,FL,H1,63,63,CONC-E,,,FLD,H1,,,,,G,30.25105556,-85.90155556,37,,,,,,,,,,,,,,,,,,,,,,,,,,,,,,,,,,,,,,,,,,,,,,,,,,,,OWNER,3-Mar-19,,,,,,,OWNER,3-Mar-19,OWNER,3-Mar-19,,,,,,,,,,,,,,,,,,,,,,,,,,,,,,,,,,,,,,,,
3FL9,1,HELIPORT,03199.01*H,HEALTHPARK OF FLORIDA EMERGENCY HELISTOP,Southern,FL,LEE,FORT MYERS,26.50808333,-81.91319444,9.4,E,ZMA,ZCR,MIAMI,MIA,MIAMI,N,,,,,,,,,,,,,,,,03199.01*H,FL,H1,50,50,CONC,,,NSTD,H1,,,,,,26.50808333,-81.91319444,9.4,,,,,,,,,,,,,,,,,,,,,,,,,,,,,,,,,,,,,,,,,,,,,,,,,,,,OWNER,2-Aug-19,,,,,,,FAA-EST,12-Aug-19,OWNER,2-Aug-19,,,,,,,,,,,,,,,,,,,,,,,,,,,,,,,,,,,,,,,,
72FA,1,HELIPORT,03443.14*H,NORTHSIDE HOSPITAL,Southern,FL,PINELLAS,PINELLAS PARK,27.82502778,-82.70319444,26,E,ZMA,ZCR,MIAMI,PIE,SAINT PETERSBURG,N,,,,,,,,,,,,,,,,03443.14*H,FL,H1,55,55,CONC-E,,,PERI,H1,,,,,,27.82502778,-82.70319444,26,,,,,,,,,,,,,,,,,,,,,,,,,,,,,,,,,,,,,,,,,,,,,,,,,,,,OWNER,10-Dec-18,,,,,,,OWNER,10-Dec-18,OWNER,10-Dec-18,,,,,,,,,,,,,,,,,,,,,,,,,,,,,,,,,,,,,,,,
92FA,1,HELIPORT,03468.05*H,AMCDLZ,Southern,FL,ST JOHNS,ST. AUGUSTINE,29.90138889,-81.41352778,46,E,ZJX,ZCJ,JACKSONVILLE,GNV,GAINESVILLE,N,,,,,,,,,,Y,,,,,,03468.05*H,FL,H1,54,54,CONC,,,PERI,H1,,,,BSC,G,,,,,,,,,,,,,,,,,,,,,,,,,,,,,,,,,,,,,,,,,,,,,,,,,,,,,,,OWNER,16-May-19,,,,,,,,,,,,,,,,,,,,,,,,,,,,,,,,,,,,,,,,,,,,,,,,,,
45CA,1,HELIPORT,02240.01*H,KAISER PERMANENTE MEDICAL CENTER SANTA CLARA,Western-Pacific,CA,SANTA CLARA,SANTA CLARA,37.33494444,-121.9998056,160,E,ZOA,ZCO,OAKLAND,OAK,OAKLAND,N,,,,,SS-SR,,,N,CGY,Y-L,,,,,,02240.01*H,CA,H1,50,50,ASPH-CONC-G,,,PERI,H1,,,,BSC,G,37.33494444,-121.9998056,160,,,,,,,,,,,,,,,,,,,,,,,,,,,,,,,,,,,,,,,,,,,,,,,,,,,,OWNER,15-Jul-15,,,,,,,FAA-EST IMAGERY,3-Oct-19,OWNER,15-Jul-15,,,,,,,,,,,,,,,,,,,,,,,,,,,,,,,,,,,,,,,,
CA75,1,HELIPORT,02295.19*H,SIMI VALLEY HOSPITAL,Western-Pacific,CA,VENTURA,SIMI VALLEY,34.28916667,-118.746,1045,E,ZLA,ZCL,LOS ANGELES,HHR,HAWTHORNE,N,,,,,,,,,,Y-L,,,,,,02295.19*H,CA,H1,50,50,CONC,,,,H1,,,,,,34.28916667,-118.746,1045,,,,,,,,,,,,,,,,,,,,,,,,,,,,,,,,,,,,,,,,,,,,,,,,,,,,OWNER,21-Aug-18,,,,,,,FAA-EST IMAGERY,2-Apr-19,OWNER,21-Aug-18,,,,,,,,,,,,,,,,,,,,,,,,,,,,,,,,,,,,,,,,
33CA,1,HELIPORT,02301.73*H,SONORA RGNL MEDICAL CENTER,Western-Pacific,CA,TUOLUMNE,SONORA,37.97705556,-120.3719167,2085,E,ZOA,ZCO,OAKLAND,RIU,RANCHO MURIETA,N,,,,,,,,N,,N,,,,,,02301.73*H,CA,H1,50,50,ASPH-CONC,,,,H1,,,,,,37.97705556,-120.3719167,2085,,,,,,,,,,,,,,,,,,,,,,,,,,,,,,,,,,,,,,,,,,,,,,,,,,,,OWNER,15-Jul-19,,,,,,,OWNER,15-Jul-19,OWNER,15-Jul-19,,,,,,,,,,,,,,,,,,,,,,,,,,,,,,,,,,,,,,,,
FD73,1,HELIPORT,03507.21*H,NESHAMA,Southern,FL,MARTIN,STUART,27.21088889,-80.20961111,22,E,ZMA,ZCR,MIAMI,MIA,MIAMI,N,,,,,,,,,,,,,,,,03507.21*H,FL,H1,33,33,CONC,,,,H1,,,,,,27.21088889,-80.20961111,22,,,,,,,,,,,,,,,,,,,,,,,,,,,,,,,,,,,,,,,,,,,,,,,,,,,,OWNER,27-Aug-19,,,,,,,ADO,27-Aug-19,OWNER,6-Sep-19,,,,,,,,,,,,,,,,,,,,,,,,,,,,,,,,,,,,,,,,
68FL,1,HELIPORT,03509.19*H,TALLAHASSEE COMMUNITY HOSPITAL,Southern,FL,LEON,TALLAHASSEE,30.47591667,-84.231,149.5,E,ZJX,ZCJ,JACKSONVILLE,GNV,GAINESVILLE,N,,,,,,,,,,,,,,,,03509.19*H,FL,H1,40,40,CONC-F,,,,H1,,,,,,30.47591667,-84.231,149.5,,,,,,,,,,,,,,,,,,,,,,,,,,,,,,,,,,,,,,,,,,,,,,,,,,,,OWNER,23-Jan-04,,,,,,,OWNER,23-Jan-04,OWNER,23-Jan-04,,,,,,,,,,,,,,,,,,,,,,,,,,,,,,,,,,,,,,,,
1CA2,1,HELIPORT,02351.18*H,RIVERSIDE COUNTY SHERIFF THERMAL,Western-Pacific,CA,RIVERSIDE,THERMAL,33.63936111,-116.1530278,-117,E,ZLA,ZCL,LOS ANGELES,RAL,RIVERSIDE,N,,,,,,,,,,Y,,,,,,02351.18*H,CA,H1,48,48,CONC-G,,,PERI,H1,,,,BSC,G,33.63936111,-116.1530278,-117,,,,,,,,,,,,,,,,,,,,,,,,,,,,,,,,,,,,,,,,,,,,,,,,,,,,OWNER,2-Aug-19,,,,,,,OWNER,2-Aug-19,OWNER,2-Aug-19,,,,,,,,,,,,,,,,,,,,,,,,,,,,,,,,,,,,,,,,
NSX,1,HELIPORT,03258.65*H,NAVY OUTLYING FIELD SITE X,Southern,FL,SANTA ROSA,JAY,30.81483333,-87.16811111,210,E,ZJX,ZCJ,JACKSONVILLE,GNV,GAINESVILLE,N,,,,,,,,,,,KNSX,,,,,03258.65*H,FL,H1,100,100,CONC,,,,H1,,,,,,30.81469444,-87.16797222,213,,,,,,,,,,,,,,,,,,,,,,,,,,,,,,,,,,,,,,,,,,,,,,,,,,,,MILITARY,23-Apr-19,,,,,,,MILITARY,23-Apr-19,MILITARY,23-Apr-19,,,,,,,,,,,,,,,,,,,,,,,,,,,,,,,,,,,,,,,,
NSX,1,HELIPORT,03258.65*H,NAVY OUTLYING FIELD SITE X,Southern,FL,SANTA ROSA,JAY,30.81483333,-87.16811111,210,E,ZJX,ZCJ,JACKSONVILLE,GNV,GAINESVILLE,N,,,,,,,,,,,KNSX,,,,,03258.65*H,FL,H10,50,50,GRVL,,,,H10,,,,,,30.81430556,-87.16486111,207,,,,,,,,,,,,,,,,,,,,,,,,,,,,,,,,,,,,,,,,,,,,,,,,,,,,MILITARY,23-Apr-19,,,,,,,MILITARY,23-Apr-19,MILITARY,23-Apr-19,,,,,,,,,,,,,,,,,,,,,,,,,,,,,,,,,,,,,,,,
NSX,1,HELIPORT,03258.65*H,NAVY OUTLYING FIELD SITE X,Southern,FL,SANTA ROSA,JAY,30.81483333,-87.16811111,210,E,ZJX,ZCJ,JACKSONVILLE,GNV,GAINESVILLE,N,,,,,,,,,,,KNSX,,,,,03258.65*H,FL,H11,40,40,GRVL,,,,H11,,,,,,30.82066667,-87.16169444,207,,,,,,,,,,,,,,,,,,,,,,,,,,,,,,,,,,,,,,,,,,,,,,,,,,,,MILITARY,23-Apr-19,,,,,,,MILITARY,23-Apr-19,MILITARY,23-Apr-19,,,,,,,,,,,,,,,,,,,,,,,,,,,,,,,,,,,,,,,,
NSX,1,HELIPORT,03258.65*H,NAVY OUTLYING FIELD SITE X,Southern,FL,SANTA ROSA,JAY,30.81483333,-87.16811111,210,E,ZJX,ZCJ,JACKSONVILLE,GNV,GAINESVILLE,N,,,,,,,,,,,KNSX,,,,,03258.65*H,FL,H12,50,50,GRVL,,,,H12,,,,,,30.81938889,-87.16886111,208,,,,,,,,,,,,,,,,,,,,,,,,,,,,,,,,,,,,,,,,,,,,,,,,,,,,MILITARY,23-Apr-19,,,,,,,MILITARY,23-Apr-19,MILITARY,23-Apr-19,,,,,,,,,,,,,,,,,,,,,,,,,,,,,,,,,,,,,,,,
NSX,1,HELIPORT,03258.65*H,NAVY OUTLYING FIELD SITE X,Southern,FL,SANTA ROSA,JAY,30.81483333,-87.16811111,210,E,ZJX,ZCJ,JACKSONVILLE,GNV,GAINESVILLE,N,,,,,,,,,,,KNSX,,,,,03258.65*H,FL,H13,40,40,ASPH-GRVL,,,,H13,,,,,,30.80947222,-87.17491667,200,,,,,,,,,,,,,,,,,,,,,,,,,,,,,,,,,,,,,,,,,,,,,,,,,,,,MILITARY,23-Apr-19,,,,,,,MILITARY,23-Apr-19,MILITARY,23-Apr-19,,,,,,,,,,,,,,,,,,,,,,,,,,,,,,,,,,,,,,,,
NSX,1,HELIPORT,03258.65*H,NAVY OUTLYING FIELD SITE X,Southern,FL,SANTA ROSA,JAY,30.81483333,-87.16811111,210,E,ZJX,ZCJ,JACKSONVILLE,GNV,GAINESVILLE,N,,,,,,,,,,,KNSX,,,,,03258.65*H,FL,H14,50,50,GRVL,,,,H14,,,,,,30.81455556,-87.17180556,209,,,,,,,,,,,,,,,,,,,,,,,,,,,,,,,,,,,,,,,,,,,,,,,,,,,,MILITARY,23-Apr-19,,,,,,,MILITARY,23-Apr-19,MILITARY,23-Apr-19,,,,,,,,,,,,,,,,,,,,,,,,,,,,,,,,,,,,,,,,
NSX,1,HELIPORT,03258.65*H,NAVY OUTLYING FIELD SITE X,Southern,FL,SANTA ROSA,JAY,30.81483333,-87.16811111,210,E,ZJX,ZCJ,JACKSONVILLE,GNV,GAINESVILLE,N,,,,,,,,,,,KNSX,,,,,03258.65*H,FL,H15,1800,75,ASPH,,,,H15,,,,,,30.80925,-87.16855556,204,,,,,,,,,,,,,,,,,,,,,,,,,,,,,,,,,,,,,,,,,,,,,,,,,,,,MILITARY,23-Apr-19,,,,,,,MILITARY,23-Apr-19,MILITARY,23-Apr-19,,,,,,,,,,,,,,,,,,,,,,,,,,,,,,,,,,,,,,,,
NSX,1,HELIPORT,03258.65*H,NAVY OUTLYING FIELD SITE X,Southern,FL,SANTA ROSA,JAY,30.81483333,-87.16811111,210,E,ZJX,ZCJ,JACKSONVILLE,GNV,GAINESVILLE,N,,,,,,,,,,,KNSX,,,,,03258.65*H,FL,H16,50,50,TURF,,,,H16,,,,,,30.82147222,-87.17491667,210,,,,,,,,,,,,,,,,,,,,,,,,,,,,,,,,,,,,,,,,,,,,,,,,,,,,MILITARY,23-Apr-19,,,,,,,MILITARY,23-Apr-19,MILITARY,23-Apr-19,,,,,,,,,,,,,,,,,,,,,,,,,,,,,,,,,,,,,,,,
NSX,1,HELIPORT,03258.65*H,NAVY OUTLYING FIELD SITE X,Southern,FL,SANTA ROSA,JAY,30.81483333,-87.16811111,210,E,ZJX,ZCJ,JACKSONVILLE,GNV,GAINESVILLE,N,,,,,,,,,,,KNSX,,,,,03258.65*H,FL,H17,50,50,GRVL,,,,H17,,,,,,30.81461111,-87.17330556,209,,,,,,,,,,,,,,,,,,,,,,,,,,,,,,,,,,,,,,,,,,,,,,,,,,,,MILITARY,23-Apr-19,,,,,,,MILITARY,23-Apr-19,MILITARY,23-Apr-19,,,,,,,,,,,,,,,,,,,,,,,,,,,,,,,,,,,,,,,,
NSX,1,HELIPORT,03258.65*H,NAVY OUTLYING FIELD SITE X,Southern,FL,SANTA ROSA,JAY,30.81483333,-87.16811111,210,E,ZJX,ZCJ,JACKSONVILLE,GNV,GAINESVILLE,N,,,,,,,,,,,KNSX,,,,,03258.65*H,FL,H18,50,50,GRVL,,,,H18,,,,,,30.81555556,-87.16330556,207,,,,,,,,,,,,,,,,,,,,,,,,,,,,,,,,,,,,,,,,,,,,,,,,,,,,MILITARY,23-Apr-19,,,,,,,MILITARY,23-Apr-19,MILITARY,23-Apr-19,,,,,,,,,,,,,,,,,,,,,,,,,,,,,,,,,,,,,,,,
NSX,1,HELIPORT,03258.65*H,NAVY OUTLYING FIELD SITE X,Southern,FL,SANTA ROSA,JAY,30.81483333,-87.16811111,210,E,ZJX,ZCJ,JACKSONVILLE,GNV,GAINESVILLE,N,,,,,,,,,,,KNSX,,,,,03258.65*H,FL,H19,50,50,GRVL,,,,H19,,,,,,30.81561111,-87.16477778,207,,,,,,,,,,,,,,,,,,,,,,,,,,,,,,,,,,,,,,,,,,,,,,,,,,,,MILITARY,23-Apr-19,,,,,,,MILITARY,23-Apr-19,MILITARY,23-Apr-19,,,,,,,,,,,,,,,,,,,,,,,,,,,,,,,,,,,,,,,,
NSX,1,HELIPORT,03258.65*H,NAVY OUTLYING FIELD SITE X,Southern,FL,SANTA ROSA,JAY,30.81483333,-87.16811111,210,E,ZJX,ZCJ,JACKSONVILLE,GNV,GAINESVILLE,N,,,,,,,,,,,KNSX,,,,,03258.65*H,FL,H2,50,50,GRVL,,,,H2,,,,,,30.81936111,-87.16736111,208,,,,,,,,,,,,,,,,,,,,,,,,,,,,,,,,,,,,,,,,,,,,,,,,,,,,MILITARY,23-Apr-19,,,,,,,MILITARY,23-Apr-19,MILITARY,23-Apr-19,,,,,,,,,,,,,,,,,,,,,,,,,,,,,,,,,,,,,,,,
NSX,1,HELIPORT,03258.65*H,NAVY OUTLYING FIELD SITE X,Southern,FL,SANTA ROSA,JAY,30.81483333,-87.16811111,210,E,ZJX,ZCJ,JACKSONVILLE,GNV,GAINESVILLE,N,,,,,,,,,,,KNSX,,,,,03258.65*H,FL,H20,50,50,GRVL,,,,H20,,,,,,30.81586111,-87.17175,209,,,,,,,,,,,,,,,,,,,,,,,,,,,,,,,,,,,,,,,,,,,,,,,,,,,,MILITARY,23-Apr-19,,,,,,,MILITARY,23-Apr-19,MILITARY,23-Apr-19,,,,,,,,,,,,,,,,,,,,,,,,,,,,,,,,,,,,,,,,
NSX,1,HELIPORT,03258.65*H,NAVY OUTLYING FIELD SITE X,Southern,FL,SANTA ROSA,JAY,30.81483333,-87.16811111,210,E,ZJX,ZCJ,JACKSONVILLE,GNV,GAINESVILLE,N,,,,,,,,,,,KNSX,,,,,03258.65*H,FL,H21,1800,75,ASPH,,,,H21,,,,,,30.81486111,-87.16152778,208,,,,,,,,,,,,,,,,,,,,,,,,,,,,,,,,,,,,,,,,,,,,,,,,,,,,MILITARY,23-Apr-19,,,,,,,MILITARY,23-Apr-19,MILITARY,23-Apr-19,,,,,,,,,,,,,,,,,,,,,,,,,,,,,,,,,,,,,,,,
NSX,1,HELIPORT,03258.65*H,NAVY OUTLYING FIELD SITE X,Southern,FL,SANTA ROSA,JAY,30.81483333,-87.16811111,210,E,ZJX,ZCJ,JACKSONVILLE,GNV,GAINESVILLE,N,,,,,,,,,,,KNSX,,,,,03258.65*H,FL,H22,1800,75,ASPH,,,,H22,,,,,,30.81652778,-87.16822222,211,,,,,,,,,,,,,,,,,,,,,,,,,,,,,,,,,,,,,,,,,,,,,,,,,,,,MILITARY,23-Apr-19,,,,,,,MILITARY,23-Apr-19,MILITARY,23-Apr-19,,,,,,,,,,,,,,,,,,,,,,,,,,,,,,,,,,,,,,,,
NSX,1,HELIPORT,03258.65*H,NAVY OUTLYING FIELD SITE X,Southern,FL,SANTA ROSA,JAY,30.81483333,-87.16811111,210,E,ZJX,ZCJ,JACKSONVILLE,GNV,GAINESVILLE,N,,,,,,,,,,,KNSX,,,,,03258.65*H,FL,H23,1800,75,ASPH,,,,H23,,,,,,30.81363889,-87.16836111,211,,,,,,,,,,,,,,,,,,,,,,,,,,,,,,,,,,,,,,,,,,,,,,,,,,,,MILITARY,23-Apr-19,,,,,,,MILITARY,23-Apr-19,MILITARY,23-Apr-19,,,,,,,,,,,,,,,,,,,,,,,,,,,,,,,,,,,,,,,,
NSX,1,HELIPORT,03258.65*H,NAVY OUTLYING FIELD SITE X,Southern,FL,SANTA ROSA,JAY,30.81483333,-87.16811111,210,E,ZJX,ZCJ,JACKSONVILLE,GNV,GAINESVILLE,N,,,,,,,,,,,KNSX,,,,,03258.65*H,FL,H24,1800,75,ASPH,,,,H24,,,,,,30.81502778,-87.16661111,211,,,,,,,,,,,,,,,,,,,,,,,,,,,,,,,,,,,,,,,,,,,,,,,,,,,,MILITARY,23-Apr-19,,,,,,,MILITARY,23-Apr-19,MILITARY,23-Apr-19,,,,,,,,,,,,,,,,,,,,,,,,,,,,,,,,,,,,,,,,
NSX,1,HELIPORT,03258.65*H,NAVY OUTLYING FIELD SITE X,Southern,FL,SANTA ROSA,JAY,30.81483333,-87.16811111,210,E,ZJX,ZCJ,JACKSONVILLE,GNV,GAINESVILLE,N,,,,,,,,,,,KNSX,,,,,03258.65*H,FL,H25,50,50,GRVL,,,,H25,,,,,,30.81805556,-87.16741667,208,,,,,,,,,,,,,,,,,,,,,,,,,,,,,,,,,,,,,,,,,,,,,,,,,,,,MILITARY,23-Apr-19,,,,,,,MILITARY,23-Apr-19,MILITARY,23-Apr-19,,,,,,,,,,,,,,,,,,,,,,,,,,,,,,,,,,,,,,,,
NSX,1,HELIPORT,03258.65*H,NAVY OUTLYING FIELD SITE X,Southern,FL,SANTA ROSA,JAY,30.81483333,-87.16811111,210,E,ZJX,ZCJ,JACKSONVILLE,GNV,GAINESVILLE,N,,,,,,,,,,,KNSX,,,,,03258.65*H,FL,H26,50,50,GRVL,,,,H26,,,,,,30.81588889,-87.17325,209,,,,,,,,,,,,,,,,,,,,,,,,,,,,,,,,,,,,,,,,,,,,,,,,,,,,MILITARY,23-Apr-19,,,,,,,MILITARY,23-Apr-19,MILITARY,23-Apr-19,,,,,,,,,,,,,,,,,,,,,,,,,,,,,,,,,,,,,,,,
NSX,1,HELIPORT,03258.65*H,NAVY OUTLYING FIELD SITE X,Southern,FL,SANTA ROSA,JAY,30.81483333,-87.16811111,210,E,ZJX,ZCJ,JACKSONVILLE,GNV,GAINESVILLE,N,,,,,,,,,,,KNSX,,,,,03258.65*H,FL,H27,1800,75,ASPH,,,,H27,,,,,,30.81513889,-87.16997222,210,,,,,,,,,,,,,,,,,,,,,,,,,,,,,,,,,,,,,,,,,,,,,,,,,,,,MILITARY,23-Apr-19,,,,,,,MILITARY,23-Apr-19,MILITARY,23-Apr-19,,,,,,,,,,,,,,,,,,,,,,,,,,,,,,,,,,,,,,,,
NSX,1,HELIPORT,03258.65*H,NAVY OUTLYING FIELD SITE X,Southern,FL,SANTA ROSA,JAY,30.81483333,-87.16811111,210,E,ZJX,ZCJ,JACKSONVILLE,GNV,GAINESVILLE,N,,,,,,,,,,,KNSX,,,,,03258.65*H,FL,H3,50,50,GRVL,,,,H3,,,,,,30.81211111,-87.16919444,210,,,,,,,,,,,,,,,,,,,,,,,,,,,,,,,,,,,,,,,,,,,,,,,,,,,,MILITARY,23-Apr-19,,,,,,,MILITARY,23-Apr-19,MILITARY,23-Apr-19,,,,,,,,,,,,,,,,,,,,,,,,,,,,,,,,,,,,,,,,
NSX,1,HELIPORT,03258.65*H,NAVY OUTLYING FIELD SITE X,Southern,FL,SANTA ROSA,JAY,30.81483333,-87.16811111,210,E,ZJX,ZCJ,JACKSONVILLE,GNV,GAINESVILLE,N,,,,,,,,,,,KNSX,,,,,03258.65*H,FL,H4,50,50,GRVL,,,,H4,,,,,,30.81811111,-87.16891667,208,,,,,,,,,,,,,,,,,,,,,,,,,,,,,,,,,,,,,,,,,,,,,,,,,,,,MILITARY,23-Apr-19,,,,,,,MILITARY,23-Apr-19,MILITARY,23-Apr-19,,,,,,,,,,,,,,,,,,,,,,,,,,,,,,,,,,,,,,,,
NSX,1,HELIPORT,03258.65*H,NAVY OUTLYING FIELD SITE X,Southern,FL,SANTA ROSA,JAY,30.81483333,-87.16811111,210,E,ZJX,ZCJ,JACKSONVILLE,GNV,GAINESVILLE,N,,,,,,,,,,,KNSX,,,,,03258.65*H,FL,H5,50,50,GRVL,,,,H5,,,,,,30.81075,-87.16775,210,,,,,,,,,,,,,,,,,,,,,,,,,,,,,,,,,,,,,,,,,,,,,,,,,,,,MILITARY,23-Apr-19,,,,,,,MILITARY,23-Apr-19,MILITARY,23-Apr-19,,,,,,,,,,,,,,,,,,,,,,,,,,,,,,,,,,,,,,,,
NSX,1,HELIPORT,03258.65*H,NAVY OUTLYING FIELD SITE X,Southern,FL,SANTA ROSA,JAY,30.81483333,-87.16811111,210,E,ZJX,ZCJ,JACKSONVILLE,GNV,GAINESVILLE,N,,,,,,,,,,,KNSX,,,,,03258.65*H,FL,H6,50,50,GRVL,,,,H6,,,,,,30.81205556,-87.16769444,210,,,,,,,,,,,,,,,,,,,,,,,,,,,,,,,,,,,,,,,,,,,,,,,,,,,,MILITARY,23-Apr-19,,,,,,,MILITARY,23-Apr-19,MILITARY,23-Apr-19,,,,,,,,,,,,,,,,,,,,,,,,,,,,,,,,,,,,,,,,
NSX,1,HELIPORT,03258.65*H,NAVY OUTLYING FIELD SITE X,Southern,FL,SANTA ROSA,JAY,30.81483333,-87.16811111,210,E,ZJX,ZCJ,JACKSONVILLE,GNV,GAINESVILLE,N,,,,,,,,,,,KNSX,,,,,03258.65*H,FL,H7,50,50,GRVL,,,,H7,,,,,,30.81427778,-87.16336111,207,,,,,,,,,,,,,,,,,,,,,,,,,,,,,,,,,,,,,,,,,,,,,,,,,,,,MILITARY,23-Apr-19,,,,,,,MILITARY,23-Apr-19,MILITARY,23-Apr-19,,,,,,,,,,,,,,,,,,,,,,,,,,,,,,,,,,,,,,,,
NSX,1,HELIPORT,03258.65*H,NAVY OUTLYING FIELD SITE X,Southern,FL,SANTA ROSA,JAY,30.81483333,-87.16811111,210,E,ZJX,ZCJ,JACKSONVILLE,GNV,GAINESVILLE,N,,,,,,,,,,,KNSX,,,,,03258.65*H,FL,H8,50,50,GRVL,,,,H8,,,,,,30.81080556,-87.16925,210,,,,,,,,,,,,,,,,,,,,,,,,,,,,,,,,,,,,,,,,,,,,,,,,,,,,MILITARY,23-Apr-19,,,,,,,MILITARY,23-Apr-19,MILITARY,23-Apr-19,,,,,,,,,,,,,,,,,,,,,,,,,,,,,,,,,,,,,,,,
NSX,1,HELIPORT,03258.65*H,NAVY OUTLYING FIELD SITE X,Southern,FL,SANTA ROSA,JAY,30.81483333,-87.16811111,210,E,ZJX,ZCJ,JACKSONVILLE,GNV,GAINESVILLE,N,,,,,,,,,,,KNSX,,,,,03258.65*H,FL,H9,100,100,CONC,,,,H9,,,,,,30.81544444,-87.16794444,213,,,,,,,,,,,,,,,,,,,,,,,,,,,,,,,,,,,,,,,,,,,,,,,,,,,,MILITARY,23-Apr-19,,,,,,,MILITARY,23-Apr-19,MILITARY,23-Apr-19,,,,,,,,,,,,,,,,,,,,,,,,,,,,,,,,,,,,,,,,
82FL,1,HELIPORT,03509.3*H,BANNERMAN,Southern,FL,ALACHUA,TALLAHASSEE,30.56241667,-84.22127778,219,E,ZJX,ZCJ,JACKSONVILLE,GNV,GAINESVILLE,N,,,,,,,,,,Y-L,,,,,,03509.3*H,FL,H1,37,37,CONC-G,,,PERI,H1,,,,,,30.56241667,-84.22127778,219,,,,,,,,,,,,,,,,,,,,,,,,,,,,,,,,,,,,,,,,,,,,,,,,,,,,OWNER,30-Apr-18,,,,,,,OWNER,30-Apr-18,OWNER,30-Apr-18,,,,,,,,,,,,,,,,,,,,,,,,,,,,,,,,,,,,,,,,
FL06,1,HELIPORT,03267.15*H,ORLANDO HEALTH EMERGENCY ROOM & MED PAV,Southern,FL,OSCEOLA,KISSIMMEE,28.33980556,-81.39513889,91,E,ZMA,ZCR,MIAMI,PIE,SAINT PETERSBURG,N,,,,,,,,,,Y-L,,,,,,03267.15*H,FL,H1,42,42,CONC-E,,,PERI,H1,,,,,,28.33980556,-81.39513889,91,,,,,,,,,,,,,,,,,,,,,,,,,,,,,,,,,,,,,,,,,,,,,,,,,,,,OWNER,25-Jan-19,,,,,,,OWNER,25-Jan-19,OWNER,25-Jan-19,,,,,,,,,,,,,,,,,,,,,,,,,,,,,,,,,,,,,,,,
FL63,1,HELIPORT,03267.61*H,WESTGATE VILLAS HELIPAD,Southern,FL,OSCEOLA,KISSIMMEE,28.33144444,-81.59333333,112,E,ZJX,ZCJ,JACKSONVILLE,PIE,SAINT PETERSBURG,N,,,,,,,,,,,,,,,,03267.61*H,FL,H1,33,33,ASPH-F,,,,H1,,,,,,28.33144444,-81.59333333,112,,,,,,,,,,,,,,,,,,,,,,,,,,,,,,,,,,,,,,,,,,,,,,,,,,,,OWNER,15-Nov-18,,,,,,,OWNER,15-Nov-18,OWNER,15-Nov-18,,,,,,,,,,,,,,,,,,,,,,,,,,,,,,,,,,,,,,,,
39DE,1,HELIPORT,02982.4*H,BAYHEALTH MEDICAL CENTER,Eastern,DE,SUSSEX,MILFORD,38.88669444,-75.39094444,202,E,ZDC,ZCW,WASHINGTON,MIV,MILLVILLE,N,,,,,SS-SR,,,N,CGY,Y,,,,,,02982.4*H,DE,H1,55,55,ROOF-TOP-F,,,MED,H1,,,,,,38.88669444,-75.39094444,202,,,,,,,,,,,,,,,,,,,,,,,,,,,,,,,,,,,,,,,,,,,,,,,,,,,,OWNER,23-Apr-19,,,,,,,OWNER,23-Apr-19,OWNER,23-Apr-19,,,,,,,,,,,,,,,,,,,,,,,,,,,,,,,,,,,,,,,,
24DC,,HELIPORT,03006.81*H,GEORGE WASHINGTON UNIVERSITY,Eastern,DC,WASHINGTON,WASHINGTON,38.90091667,-77.05108333,174,E,ZDC,ZCW,WASHINGTON,DCA,LEESBURG,N,,,,,,,,,,,,,,,,03006.81*H,DC,H1,53,53,MATS,,,,H1,,,,,,38.90091667,-77.05108333,174,,,,,,,,,,,,,,,,,,,,,,,,,,,,,,,,,,,,,,,,,,,,,,,,,,,,OWNER,9-Jan-20,,,,,,,OWNER,9-Jan-20,OWNER,9-Jan-20,,,,,,,,,,,,,,,,,,,,,,,,,,,,,,,,,,,,,,,,
FL65,1,HELIPORT,03025.07*H,GEORGE E WEEMS MEML HOSPITAL,Southern,FL,FRANKLIN,APALACHICOLA,29.72397222,-84.99219444,16,E,ZJX,ZCJ,JACKSONVILLE,GNV,GAINESVILLE,N,,,,,SS-SR,,122.9,,CGY,,,,,,,03025.07*H,FL,H1,50,50,CONC,,,,H1,,,,,,29.72397222,-84.99219444,16,,,,,,,,,,,,,,,,,,,,,,,,,,,,,,,,,,,,,,,,,,,,,,,,,,,,OWNER,13-Feb-19,,,,,,,OWNER,13-Feb-19,OWNER,13-Feb-19,,,,,,,,,,,,,,,,,,,,,,,,,,,,,,,,,,,,,,,,
1AK9,,HELIPORT,50146.11*H,POGO,Alaskan,AK,SOUTHEAST FAIRBANKS,DELTA JUNCTION,64.4475,-144.9363889,1350,E,ZAN,ZAN,ANCHORAGE,5WT,FAIRBANKS,N,20E,2020,,,,,,,,,,,,,,50146.11*H,AK,H1,36,36,WOOD,,,,H1,,,,,,,,,,,,,,,,,,,,,,,,,,,,,,,,,,,,,,,,,,,,,,,,,,,,,,,,,,,,,,,,,,,,,,,,,,,,,,,,,,,,,,,,,,,,,,,,,,,,,,,,,,,,,,,
22AK,,HELIPORT,50708.04*H,WHISKEY LAKE,Alaskan,AK,ALEUTIAN ISLANDS,SKWENTNA,61.98880556,-151.3911389,160,E,ZAN,ZAN,ANCHORAGE,5WT,FAIRBANKS,N,16E,2020,,,,,,,,,,,,,,50708.04*H,AK,H1,65,65,TURF-G,,,,H1,,,,,,,,,,,,,,,,,,,,,,,,,,,,,,,,,,,,,,,,,,,,,,,,,,,,,,,,,,,,FAA,14-Nov-18,,,,,,,,,,,,,,,,,,,,,,,,,,,,,,,,,,,,,,,,,,,,,,,,,,
